_id,donor_id,donorName,address,city,state,zip,status,priority,notes,itemName,category,quantity,unit
3d4d193fba5e149ecec4595b,4d20f496c767bf3946b93c8c,Donor 1,100 Charity Ln,TestCity,TestState,11223,closed,high,Batch generated,Meal Pack 1,Cooked Food,25,servings
5633c276eb1d26b489e0ca0f,3592ccde8ff36f0977ad349c,Donor 2,101 Charity Ln,TestCity,TestState,11223,closed,high,Batch generated,Meal Pack 2,Cooked Food,25,servings
f4223edc38a2d77add3577ec,d35705cf982a9a38d5b91087,Donor 3,102 Charity Ln,TestCity,TestState,11223,closed,high,Batch generated,Meal Pack 3,Cooked Food,25,servings
06b96a35951aacc3703e57af,18466661956ccd6b4e3e31b3,Donor 4,103 Charity Ln,TestCity,TestState,11223,closed,high,Batch generated,Meal Pack 4,Cooked Food,25,servings
bcbf3b54c0986d21c1f165d1,a0d4748af7d97975eb3461e6,Donor 5,104 Charity Ln,TestCity,TestState,11223,closed,high,Batch generated,Meal Pack 5,Cooked Food,25,servings
84b97241625c36658b95ab04,757fe399bd9f1fd386abba28,Donor 6,105 Charity Ln,TestCity,TestState,11223,closed,high,Batch generated,Meal Pack 6,Cooked Food,25,servings
fba0c9c172078ae250276082,e3294d61cccb34ce254f9d57,Donor 7,106 Charity Ln,TestCity,TestState,11223,closed,high,Batch generated,Meal Pack 7,Cooked Food,25,servings
ed9a82498d1ba1d4a4018804,57e3ad594e95b1a5180e4fc0,Donor 8,107 Charity Ln,TestCity,TestState,11223,closed,high,Batch generated,Meal Pack 8,Cooked Food,25,servings
6dd954419ec16c4cbe7efed1,19d9b062c78baf4a4295a2ba,Donor 9,108 Charity Ln,TestCity,TestState,11223,closed,high,Batch generated,Meal Pack 9,Cooked Food,25,servings
f3cdc58d264c3b27bf368478,ed5e758fafa82c9599429828,Donor 10,109 Charity Ln,TestCity,TestState,11223,closed,high,Batch generated,Meal Pack 10,Cooked Food,25,servings
386190620e12a3e65a96ab79,af97cb677c66260cb5651401,Donor 11,110 Charity Ln,TestCity,TestState,11223,closed,high,Batch generated,Meal Pack 11,Cooked Food,25,servings
36e5a7b18e41c939edc08fc8,7b72e41e7f7cb6a1dab94469,Donor 12,111 Charity Ln,TestCity,TestState,11223,closed,high,Batch generated,Meal Pack 12,Cooked Food,25,servings
1b0e5109b33ac168ae85a48a,6451a3d47a457cd0050332ae,Donor 13,112 Charity Ln,TestCity,TestState,11223,closed,high,Batch generated,Meal Pack 13,Cooked Food,25,servings
eeb74b231105b81699b9f62f,96b39c01bd79617d8e8343fd,Donor 14,113 Charity Ln,TestCity,TestState,11223,closed,high,Batch generated,Meal Pack 14,Cooked Food,25,servings
94c5b359ac9fa255a0ae2b33,8d5b1f1342bee67d9d20c14a,Donor 15,114 Charity Ln,TestCity,TestState,11223,closed,high,Batch generated,Meal Pack 15,Cooked Food,25,servings
eba1943f61dd716c3f3cbe2c,123253a6e138f0765643f9d0,Donor 16,115 Charity Ln,TestCity,TestState,11223,closed,high,Batch generated,Meal Pack 16,Cooked Food,25,servings
953cfddd507abd91dcd29914,65a41f1cec774ca4da45ccd8,Donor 17,116 Charity Ln,TestCity,TestState,11223,closed,high,Batch generated,Meal Pack 17,Cooked Food,25,servings
dfbb0fe97a568c7f4a71669f,4ada18d5c3277ff253d8cdd4,Donor 18,117 Charity Ln,TestCity,TestState,11223,closed,high,Batch generated,Meal Pack 18,Cooked Food,25,servings
b5514d406096e001f7189d47,d65df5f35d7508f3d0d05a08,Donor 19,118 Charity Ln,TestCity,TestState,11223,closed,high,Batch generated,Meal Pack 19,Cooked Food,25,servings
43243b91c5322f5f7060194a,dab04c241857671e57bd2241,Donor 20,119 Charity Ln,TestCity,TestState,11223,closed,high,Batch generated,Meal Pack 20,Cooked Food,25,servings
13697c7be48c069161849c86,b10e123b24a693d00f85e4d5,Donor 21,120 Charity Ln,TestCity,TestState,11223,closed,high,Batch generated,Meal Pack 21,Cooked Food,25,servings
9a9b078303473353cf97e79a,a329c3d4873c4a47e579948e,Donor 22,121 Charity Ln,TestCity,TestState,11223,closed,high,Batch generated,Meal Pack 22,Cooked Food,25,servings
445dd1c11ec82379d6127069,d08b45c3aad2bfd60603c035,Donor 23,122 Charity Ln,TestCity,TestState,11223,closed,high,Batch generated,Meal Pack 23,Cooked Food,25,servings
24a4baf7dcf235f170e97392,52ab07cd5538501a1e6ad5d0,Donor 24,123 Charity Ln,TestCity,TestState,11223,closed,high,Batch generated,Meal Pack 24,Cooked Food,25,servings
a6a2feb56cc191cee2b86fe6,78b240ffea073971f3c5a7dd,Donor 25,124 Charity Ln,TestCity,TestState,11223,closed,high,Batch generated,Meal Pack 25,Cooked Food,25,servings
6b729b2d5aa83f7116c72905,e1e2017ca729a0818bd790e7,Donor 26,125 Charity Ln,TestCity,TestState,11223,closed,high,Batch generated,Meal Pack 26,Cooked Food,25,servings
9c997cda14fe96d5432d2386,7b2a2ca43b470b93e8a400a1,Donor 27,126 Charity Ln,TestCity,TestState,11223,closed,high,Batch generated,Meal Pack 27,Cooked Food,25,servings
4a33fb719ca862533a2ebe8f,48b5d2083e3799b3adeaeee1,Donor 28,127 Charity Ln,TestCity,TestState,11223,closed,high,Batch generated,Meal Pack 28,Cooked Food,25,servings
8ac200e0036bbc12ffc15ec1,b310046683426409d702d20a,Donor 29,128 Charity Ln,TestCity,TestState,11223,closed,high,Batch generated,Meal Pack 29,Cooked Food,25,servings
61458eea1dbb8ce996958315,331517cf8d60e3b27b7e6867,Donor 30,129 Charity Ln,TestCity,TestState,11223,closed,high,Batch generated,Meal Pack 30,Cooked Food,25,servings
73f10eeca12b80f1082b9bb9,0e557f634bcb7f43735d4eda,Donor 31,130 Charity Ln,TestCity,TestState,11223,closed,high,Batch generated,Meal Pack 31,Cooked Food,25,servings
a0034a12e4d698a0881a224b,4dd4a21fb2e5c4d67f66a04a,Donor 32,131 Charity Ln,TestCity,TestState,11223,closed,high,Batch generated,Meal Pack 32,Cooked Food,25,servings
0c33f03eff842e3350c53dcc,f7ae68c8711a5fa79fdfffb1,Donor 33,132 Charity Ln,TestCity,TestState,11223,closed,high,Batch generated,Meal Pack 33,Cooked Food,25,servings
498c14b1d5aff14c05e37b3d,37146f88bedf3410ca8cbdce,Donor 34,133 Charity Ln,TestCity,TestState,11223,closed,high,Batch generated,Meal Pack 34,Cooked Food,25,servings
0ae42072957d6f3e4a5c8ffc,e4ca23b3e5e60026890eca2b,Donor 35,134 Charity Ln,TestCity,TestState,11223,closed,high,Batch generated,Meal Pack 35,Cooked Food,25,servings
144f61f1e8a248f13051f5d3,9f282fbef4dca0df534f1f8e,Donor 36,135 Charity Ln,TestCity,TestState,11223,closed,high,Batch generated,Meal Pack 36,Cooked Food,25,servings
f1a0a21e74658fb13fb990bf,41b4e86bcc3a84d412c05234,Donor 37,136 Charity Ln,TestCity,TestState,11223,closed,high,Batch generated,Meal Pack 37,Cooked Food,25,servings
4598f37a9d2d7b767ec3c5e6,a7168aa688c1aa266e9e7fa1,Donor 38,137 Charity Ln,TestCity,TestState,11223,closed,high,Batch generated,Meal Pack 38,Cooked Food,25,servings
8de72c88da10c829b319df13,0898e141db15a5cd08dd452a,Donor 39,138 Charity Ln,TestCity,TestState,11223,closed,high,Batch generated,Meal Pack 39,Cooked Food,25,servings
cc31b0bc3ed2c35d8180d794,f088b7a3e4ff7194d2ae048b,Donor 40,139 Charity Ln,TestCity,TestState,11223,closed,high,Batch generated,Meal Pack 40,Cooked Food,25,servings
8b10fe96ddcd0a6a26c104c4,387105b040a304d6580b6208,Donor 41,140 Charity Ln,TestCity,TestState,11223,closed,high,Batch generated,Meal Pack 41,Cooked Food,25,servings
339841788a9dcf0342bf97c8,11a355e219da6ab213049780,Donor 42,141 Charity Ln,TestCity,TestState,11223,closed,high,Batch generated,Meal Pack 42,Cooked Food,25,servings
dbaf35c642c64f6baea483f5,c04f459cfa3b1a598aafcdcc,Donor 43,142 Charity Ln,TestCity,TestState,11223,closed,high,Batch generated,Meal Pack 43,Cooked Food,25,servings
9c7d4700d195b924dc26703c,bc2ecf64b062c5e8afdd2e68,Donor 44,143 Charity Ln,TestCity,TestState,11223,closed,high,Batch generated,Meal Pack 44,Cooked Food,25,servings
324bb562bb7c9226823eb053,4955557ec969fa93dd1a6abb,Donor 45,144 Charity Ln,TestCity,TestState,11223,closed,high,Batch generated,Meal Pack 45,Cooked Food,25,servings
9844627ab066f1ae9daf2615,f26ce6f2c76a0606ebabfb05,Donor 46,145 Charity Ln,TestCity,TestState,11223,closed,high,Batch generated,Meal Pack 46,Cooked Food,25,servings
d7f58cdc24cd4ec483d48cd2,fd8f247cfeecb80a5c664997,Donor 47,146 Charity Ln,TestCity,TestState,11223,closed,high,Batch generated,Meal Pack 47,Cooked Food,25,servings
5a2b44494fe2cfbd0fc1a987,b287a0d31789e5eff163ffd9,Donor 48,147 Charity Ln,TestCity,TestState,11223,closed,high,Batch generated,Meal Pack 48,Cooked Food,25,servings
359bc7822f2561b312105097,ac70cddb3a2478b58fe17d44,Donor 49,148 Charity Ln,TestCity,TestState,11223,closed,high,Batch generated,Meal Pack 49,Cooked Food,25,servings
721b445e70a0fecbdda35b70,d62d72cc8f1d7d4a40e79a5e,Donor 50,149 Charity Ln,TestCity,TestState,11223,closed,high,Batch generated,Meal Pack 50,Cooked Food,25,servings
b351db970c6394e53834a1ff,a91393b1820d2a81eab9aa0a,Donor 51,150 Charity Ln,TestCity,TestState,11223,closed,high,Batch generated,Meal Pack 51,Cooked Food,25,servings
4584be3356f0f814d3a19de0,964965639ee059a7ac39c0fe,Donor 52,151 Charity Ln,TestCity,TestState,11223,closed,high,Batch generated,Meal Pack 52,Cooked Food,25,servings
23fe6f7afbb7598d3062f918,ca8a63bc105449daf597f5cf,Donor 53,152 Charity Ln,TestCity,TestState,11223,closed,high,Batch generated,Meal Pack 53,Cooked Food,25,servings
30e176ae7b77b263c75d62d7,140bd519dec76eefefb94305,Donor 54,153 Charity Ln,TestCity,TestState,11223,closed,high,Batch generated,Meal Pack 54,Cooked Food,25,servings
7ec413474e9d91312fcc8dcd,24df81154fc82c831c09162e,Donor 55,154 Charity Ln,TestCity,TestState,11223,closed,high,Batch generated,Meal Pack 55,Cooked Food,25,servings
75f3c7c6c116aa9b87c1cd8d,0364c270127499666f824a60,Donor 56,155 Charity Ln,TestCity,TestState,11223,closed,high,Batch generated,Meal Pack 56,Cooked Food,25,servings
ad60a9a976265b348d2b68a4,1fd7374ef5a770f306151c59,Donor 57,156 Charity Ln,TestCity,TestState,11223,closed,high,Batch generated,Meal Pack 57,Cooked Food,25,servings
bcd2b091e85029372ff5748f,f3beeec8485e0083bca922a8,Donor 58,157 Charity Ln,TestCity,TestState,11223,closed,high,Batch generated,Meal Pack 58,Cooked Food,25,servings
36e2b8a664fe4825c075d5c6,d61b6e8a3d425e74b356fee8,Donor 59,158 Charity Ln,TestCity,TestState,11223,closed,high,Batch generated,Meal Pack 59,Cooked Food,25,servings
72e62ff0e85dabc32b352cba,44e20565ea45f6df0858275c,Donor 60,159 Charity Ln,TestCity,TestState,11223,closed,high,Batch generated,Meal Pack 60,Cooked Food,25,servings
ffb6f9c26ca05e32678c5112,35c9abae78af89381a141d8e,Donor 61,160 Charity Ln,TestCity,TestState,11223,closed,high,Batch generated,Meal Pack 61,Cooked Food,25,servings
3638875502668b1cbfe3c6c3,266db76254bac48a9c301641,Donor 62,161 Charity Ln,TestCity,TestState,11223,closed,high,Batch generated,Meal Pack 62,Cooked Food,25,servings
b28cf124b210ffd599dd79c7,e9570a1344b9d6d6a6488e9c,Donor 63,162 Charity Ln,TestCity,TestState,11223,closed,high,Batch generated,Meal Pack 63,Cooked Food,25,servings
885599bf053aa208274a0186,18d1c0e0ac69501f71ec37ad,Donor 64,163 Charity Ln,TestCity,TestState,11223,closed,high,Batch generated,Meal Pack 64,Cooked Food,25,servings
bc905607291c373987d32d8a,72b0ba8a3f153acba9cf3959,Donor 65,164 Charity Ln,TestCity,TestState,11223,closed,high,Batch generated,Meal Pack 65,Cooked Food,25,servings
bfe2d7162e81f186f68124a8,b42909e2bcdc3b257cf671a4,Donor 66,165 Charity Ln,TestCity,TestState,11223,closed,high,Batch generated,Meal Pack 66,Cooked Food,25,servings
b875e0c75a386663e05e57c5,b77d93058d0ca429557955bb,Donor 67,166 Charity Ln,TestCity,TestState,11223,closed,high,Batch generated,Meal Pack 67,Cooked Food,25,servings
1e45a54af1cab6ba68835986,a2e67278e1f1480d1318e4f9,Donor 68,167 Charity Ln,TestCity,TestState,11223,closed,high,Batch generated,Meal Pack 68,Cooked Food,25,servings
28c443d514a200e871f2dedc,562e62a8e9cad06dcdf1155c,Donor 69,168 Charity Ln,TestCity,TestState,11223,closed,high,Batch generated,Meal Pack 69,Cooked Food,25,servings
556f9d9b6acfd2aa4ab38a61,0320273c51c827fbcc3cacb7,Donor 70,169 Charity Ln,TestCity,TestState,11223,closed,high,Batch generated,Meal Pack 70,Cooked Food,25,servings
f89df931f88077dcff286b50,ddc54d94d06d290dfe755e66,Donor 71,170 Charity Ln,TestCity,TestState,11223,closed,high,Batch generated,Meal Pack 71,Cooked Food,25,servings
dc6e8c1625cc52def649e2b8,798d76183a5e2ba165e04e8f,Donor 72,171 Charity Ln,TestCity,TestState,11223,closed,high,Batch generated,Meal Pack 72,Cooked Food,25,servings
a091736e07b8bd6d4b2b8734,90bf17a2e73aafc851c6c795,Donor 73,172 Charity Ln,TestCity,TestState,11223,closed,high,Batch generated,Meal Pack 73,Cooked Food,25,servings
fdaea686d32a806fc21eb8b6,0db954a38b27625a96ba02c4,Donor 74,173 Charity Ln,TestCity,TestState,11223,closed,high,Batch generated,Meal Pack 74,Cooked Food,25,servings
43aa7cdddbae50b6e2f60908,37a6ba0222011d7581527a1a,Donor 75,174 Charity Ln,TestCity,TestState,11223,closed,high,Batch generated,Meal Pack 75,Cooked Food,25,servings
5a9d28888b14220ff103c525,3fd5d7c34a3b3380fbb1d52c,Donor 76,175 Charity Ln,TestCity,TestState,11223,closed,high,Batch generated,Meal Pack 76,Cooked Food,25,servings
1f5f012ace8c0f6f3873645b,87e696ee3b50e187f4ad5fbf,Donor 77,176 Charity Ln,TestCity,TestState,11223,closed,high,Batch generated,Meal Pack 77,Cooked Food,25,servings
f5805f2d8d2c5bf67001a32d,5ab96b374e402f62b9d9179a,Donor 78,177 Charity Ln,TestCity,TestState,11223,closed,high,Batch generated,Meal Pack 78,Cooked Food,25,servings
a00e98e365ba2acf86167765,a9fff4a2b235e0f172f9c27c,Donor 79,178 Charity Ln,TestCity,TestState,11223,closed,high,Batch generated,Meal Pack 79,Cooked Food,25,servings
c2321d250dc3a712412ff05b,55cd67bedf1b43e1a0287691,Donor 80,179 Charity Ln,TestCity,TestState,11223,closed,high,Batch generated,Meal Pack 80,Cooked Food,25,servings
fa2ee1fb4b63e3a17ff6e9bf,d7b59b36512f803b0e758f7f,Donor 81,180 Charity Ln,TestCity,TestState,11223,closed,high,Batch generated,Meal Pack 81,Cooked Food,25,servings
f3900e8951d4304e66773015,4b8b61411a02fcccfc5ead4a,Donor 82,181 Charity Ln,TestCity,TestState,11223,closed,high,Batch generated,Meal Pack 82,Cooked Food,25,servings
17b12a7aca385533d4c14dc1,f74b512c0f7c681dd028c495,Donor 83,182 Charity Ln,TestCity,TestState,11223,closed,high,Batch generated,Meal Pack 83,Cooked Food,25,servings
ee90d6637bd366e76e743072,809b434cf6ce4fac31e07646,Donor 84,183 Charity Ln,TestCity,TestState,11223,closed,high,Batch generated,Meal Pack 84,Cooked Food,25,servings
4be9078bc7b8040895cae9ec,0b62278f6183da6196e79138,Donor 85,184 Charity Ln,TestCity,TestState,11223,closed,high,Batch generated,Meal Pack 85,Cooked Food,25,servings
5499a37ae13eef9361f35e02,fe38b63a2227cb6e2b8c7473,Donor 86,185 Charity Ln,TestCity,TestState,11223,closed,high,Batch generated,Meal Pack 86,Cooked Food,25,servings
740320eff4196a1481cc9e18,84b20db924ac63d11a1de55b,Donor 87,186 Charity Ln,TestCity,TestState,11223,closed,high,Batch generated,Meal Pack 87,Cooked Food,25,servings
23d85dc8202ceeeab13bdb0d,91782e843bfe3b531cbd65bb,Donor 88,187 Charity Ln,TestCity,TestState,11223,closed,high,Batch generated,Meal Pack 88,Cooked Food,25,servings
30aeaec7f13e6e652abb5765,529ee970bc6f7721d31e5b6a,Donor 89,188 Charity Ln,TestCity,TestState,11223,closed,high,Batch generated,Meal Pack 89,Cooked Food,25,servings
956e83b500c19f3b571fec74,81885a5ba02ca6d97a31a0b6,Donor 90,189 Charity Ln,TestCity,TestState,11223,closed,high,Batch generated,Meal Pack 90,Cooked Food,25,servings
520f5fa598636c6fd09af556,38117d179ed144bef0d57023,Donor 91,190 Charity Ln,TestCity,TestState,11223,closed,high,Batch generated,Meal Pack 91,Cooked Food,25,servings
457629874b54010206350979,51d7ef5d1a73da9cc3b00656,Donor 92,191 Charity Ln,TestCity,TestState,11223,closed,high,Batch generated,Meal Pack 92,Cooked Food,25,servings
a07a0e6bf00666451dd4b0d3,80b5c2e6a2ecfc6236b8c45f,Donor 93,192 Charity Ln,TestCity,TestState,11223,closed,high,Batch generated,Meal Pack 93,Cooked Food,25,servings
3f71affe17a59d750a1bb943,29f12d26ce59296c10eb3163,Donor 94,193 Charity Ln,TestCity,TestState,11223,closed,high,Batch generated,Meal Pack 94,Cooked Food,25,servings
91b45d661ba064ae0e1d31da,0dba557adb224160ec2af5e8,Donor 95,194 Charity Ln,TestCity,TestState,11223,closed,high,Batch generated,Meal Pack 95,Cooked Food,25,servings
447fc09f4e40894c0d3b4ec6,e02391eeb52ba5ccc4498b54,Donor 96,195 Charity Ln,TestCity,TestState,11223,closed,high,Batch generated,Meal Pack 96,Cooked Food,25,servings
4fe070403315d544f063db66,396a62270264d866ba5d9ad5,Donor 97,196 Charity Ln,TestCity,TestState,11223,closed,high,Batch generated,Meal Pack 97,Cooked Food,25,servings
281b8353c4825488bd827939,48c66c3dfdd8e01d0d70c7ca,Donor 98,197 Charity Ln,TestCity,TestState,11223,closed,high,Batch generated,Meal Pack 98,Cooked Food,25,servings
0191ba998cf9aa05f2a84c97,8483cdd07048fbcbed789bda,Donor 99,198 Charity Ln,TestCity,TestState,11223,closed,high,Batch generated,Meal Pack 99,Cooked Food,25,servings
80b54c36b4566cfb66c85718,0ed0854084917a32d8d0302e,Donor 100,199 Charity Ln,TestCity,TestState,11223,closed,high,Batch generated,Meal Pack 100,Cooked Food,25,servings
2c6e3e46d531ad95f481eb35,095e97db0ecbb409386ce2cb,Donor 101,200 Charity Ln,TestCity,TestState,11223,closed,high,Batch generated,Meal Pack 101,Cooked Food,25,servings
79cdde6b153306bb5f30dee3,725f1714246067ecb6e897e4,Donor 102,201 Charity Ln,TestCity,TestState,11223,closed,high,Batch generated,Meal Pack 102,Cooked Food,25,servings
69f04b23d0f0cf5fa3355f3c,0308d05689a4b76ee401e50c,Donor 103,202 Charity Ln,TestCity,TestState,11223,closed,high,Batch generated,Meal Pack 103,Cooked Food,25,servings
487cf1e1fac67a8e19bfea0e,168410de4fe706be042ae6e3,Donor 104,203 Charity Ln,TestCity,TestState,11223,closed,high,Batch generated,Meal Pack 104,Cooked Food,25,servings
acd44e79852fa294e67da7ab,7c04438db9a2b6c03229b161,Donor 105,204 Charity Ln,TestCity,TestState,11223,closed,high,Batch generated,Meal Pack 105,Cooked Food,25,servings
9235cd0a8145398191c9adc4,ce96c91fd47552510a83c3b7,Donor 106,205 Charity Ln,TestCity,TestState,11223,closed,high,Batch generated,Meal Pack 106,Cooked Food,25,servings
c2a78ca1a5195a86f85377b0,a7f76d8b1b328b919bfeb16e,Donor 107,206 Charity Ln,TestCity,TestState,11223,closed,high,Batch generated,Meal Pack 107,Cooked Food,25,servings
ed8b699112a7ec5f0e1ec0ac,e20c384f58fe67201f7d0051,Donor 108,207 Charity Ln,TestCity,TestState,11223,closed,high,Batch generated,Meal Pack 108,Cooked Food,25,servings
4ad958e3041204e9d2f373c9,69b3d3184c91d6f6ca369676,Donor 109,208 Charity Ln,TestCity,TestState,11223,closed,high,Batch generated,Meal Pack 109,Cooked Food,25,servings
9a6029f1cdde89a0139dd018,8ca53c26b9540407d7e6a37a,Donor 110,209 Charity Ln,TestCity,TestState,11223,closed,high,Batch generated,Meal Pack 110,Cooked Food,25,servings
39dddd9918560d942820b3b4,ffdcb85bd2fd2c9ae28e0a43,Donor 111,210 Charity Ln,TestCity,TestState,11223,closed,high,Batch generated,Meal Pack 111,Cooked Food,25,servings
e13e588c9cc9d460aa864919,f777c5458d48e7c81ba19432,Donor 112,211 Charity Ln,TestCity,TestState,11223,closed,high,Batch generated,Meal Pack 112,Cooked Food,25,servings
c21771834bc25bf372a64b60,d6fea963b4944d90b23a4b69,Donor 113,212 Charity Ln,TestCity,TestState,11223,closed,high,Batch generated,Meal Pack 113,Cooked Food,25,servings
31e274dd6a3c7282cf51e404,936efc8387f511d3da39cccf,Donor 114,213 Charity Ln,TestCity,TestState,11223,closed,high,Batch generated,Meal Pack 114,Cooked Food,25,servings
4b74611a1dd6af608441464e,4c23fc46498a7a682a07dd4e,Donor 115,214 Charity Ln,TestCity,TestState,11223,closed,high,Batch generated,Meal Pack 115,Cooked Food,25,servings
63c19951147effb0757e1ca1,be8df62052ac9603bdcd357b,Donor 116,215 Charity Ln,TestCity,TestState,11223,closed,high,Batch generated,Meal Pack 116,Cooked Food,25,servings
7b6b12d77fc70b7119359e7e,9cf5160b26f2adb98074ee11,Donor 117,216 Charity Ln,TestCity,TestState,11223,closed,high,Batch generated,Meal Pack 117,Cooked Food,25,servings
ce762830a580c0986f278f27,41308f49552fa190daaf4c07,Donor 118,217 Charity Ln,TestCity,TestState,11223,closed,high,Batch generated,Meal Pack 118,Cooked Food,25,servings
ed8c9f975b76896c17ca5fcd,50acbc5cec8d401bf226cd39,Donor 119,218 Charity Ln,TestCity,TestState,11223,closed,high,Batch generated,Meal Pack 119,Cooked Food,25,servings
99f0f78e718e0076b1827650,fe3165d05c75b0da1a2e28e8,Donor 120,219 Charity Ln,TestCity,TestState,11223,closed,high,Batch generated,Meal Pack 120,Cooked Food,25,servings
32e1736647321c01982214f2,214ce3bc82497d1600c0b165,Donor 121,220 Charity Ln,TestCity,TestState,11223,closed,high,Batch generated,Meal Pack 121,Cooked Food,25,servings
5e1661c98f42154957e61260,6aef40ac739b34ce61c00293,Donor 122,221 Charity Ln,TestCity,TestState,11223,closed,high,Batch generated,Meal Pack 122,Cooked Food,25,servings
1d27afea953175d13e710e18,83a0abf46c2fc507538cdd9e,Donor 123,222 Charity Ln,TestCity,TestState,11223,closed,high,Batch generated,Meal Pack 123,Cooked Food,25,servings
f9c45b1c7679c5f6d8a47230,337101a2b8ce670bdd3a8c96,Donor 124,223 Charity Ln,TestCity,TestState,11223,closed,high,Batch generated,Meal Pack 124,Cooked Food,25,servings
6696ef7a708e5a86d20b4d8f,17871b1669cf09d49fa0f3a8,Donor 125,224 Charity Ln,TestCity,TestState,11223,closed,high,Batch generated,Meal Pack 125,Cooked Food,25,servings
f3d7688ef08ca56063f5f722,b4038fe4f02789b0e19bcf50,Donor 126,225 Charity Ln,TestCity,TestState,11223,closed,high,Batch generated,Meal Pack 126,Cooked Food,25,servings
b58aaeee60919a0048d47989,b6446245e105a7bbab7bd88a,Donor 127,226 Charity Ln,TestCity,TestState,11223,closed,high,Batch generated,Meal Pack 127,Cooked Food,25,servings
47474b43271aa506f7583dd3,ac432f343b0614fd12404903,Donor 128,227 Charity Ln,TestCity,TestState,11223,closed,high,Batch generated,Meal Pack 128,Cooked Food,25,servings
f00df5f5ac44df9222a98506,0ac8ef13c9213b81cb78ad77,Donor 129,228 Charity Ln,TestCity,TestState,11223,closed,high,Batch generated,Meal Pack 129,Cooked Food,25,servings
600a55ce86c61d5a5e60a899,53cadbde7d10528045547fe1,Donor 130,229 Charity Ln,TestCity,TestState,11223,closed,high,Batch generated,Meal Pack 130,Cooked Food,25,servings
90cadd35ee0b1d0b88be206e,4fafd6f3f79bd0dc8fa2ee72,Donor 131,230 Charity Ln,TestCity,TestState,11223,closed,high,Batch generated,Meal Pack 131,Cooked Food,25,servings
4c1f935e17563667c4d93ab9,a28a0049d09502f113bdab70,Donor 132,231 Charity Ln,TestCity,TestState,11223,closed,high,Batch generated,Meal Pack 132,Cooked Food,25,servings
b705f2b5b47543ee714e9900,96cae4c2cd2efdc937afb9af,Donor 133,232 Charity Ln,TestCity,TestState,11223,closed,high,Batch generated,Meal Pack 133,Cooked Food,25,servings
4c3d9915439bd11266c2bbb7,b1580664e144ad932d7e8b30,Donor 134,233 Charity Ln,TestCity,TestState,11223,closed,high,Batch generated,Meal Pack 134,Cooked Food,25,servings
3ef56d08878d21d1ee6bf7ac,0637fbda05048e0706d3a477,Donor 135,234 Charity Ln,TestCity,TestState,11223,closed,high,Batch generated,Meal Pack 135,Cooked Food,25,servings
e84d0ee0198b903ae522e0df,21e233ecce4ef6d67fcd791b,Donor 136,235 Charity Ln,TestCity,TestState,11223,closed,high,Batch generated,Meal Pack 136,Cooked Food,25,servings
8ea62ab10d2ed3a290d89997,8561d8f7620ba8b2bb2d4a66,Donor 137,236 Charity Ln,TestCity,TestState,11223,closed,high,Batch generated,Meal Pack 137,Cooked Food,25,servings
ba7b24fc0e1eaeea97212c26,b3a95f89392df49a9877f888,Donor 138,237 Charity Ln,TestCity,TestState,11223,closed,high,Batch generated,Meal Pack 138,Cooked Food,25,servings
f1e1c59eb823923a165a499f,d1d81df9e9453f1a19f7c0b9,Donor 139,238 Charity Ln,TestCity,TestState,11223,closed,high,Batch generated,Meal Pack 139,Cooked Food,25,servings
0492562f42d318280411f13e,2d5a7b7ae2ab2b830d98639e,Donor 140,239 Charity Ln,TestCity,TestState,11223,closed,high,Batch generated,Meal Pack 140,Cooked Food,25,servings
f9b8d9939870d5f13deb371b,f92a560cc3e12b31f541050d,Donor 141,240 Charity Ln,TestCity,TestState,11223,closed,high,Batch generated,Meal Pack 141,Cooked Food,25,servings
7ff7497759177664a21cb9d1,c209eeec904ca1d3ce5b964a,Donor 142,241 Charity Ln,TestCity,TestState,11223,closed,high,Batch generated,Meal Pack 142,Cooked Food,25,servings
6627fe42f2e080bd357d6f1b,3f201f8f6c96287a9e10b30c,Donor 143,242 Charity Ln,TestCity,TestState,11223,closed,high,Batch generated,Meal Pack 143,Cooked Food,25,servings
03bf5df0ab4cc57a2cd6afbd,8159434aab6d8de8fdaa0cea,Donor 144,243 Charity Ln,TestCity,TestState,11223,closed,high,Batch generated,Meal Pack 144,Cooked Food,25,servings
7e88e3df80e73aec036fdd46,c8e84f3a52496e8019090b8a,Donor 145,244 Charity Ln,TestCity,TestState,11223,closed,high,Batch generated,Meal Pack 145,Cooked Food,25,servings
bbf6c39368b3deb8b3f7a100,005a8fdd62fa1a5c553f3687,Donor 146,245 Charity Ln,TestCity,TestState,11223,closed,high,Batch generated,Meal Pack 146,Cooked Food,25,servings
f06d093734831c4cd5dcad55,d15716c9d4c6c5a9ebeab5f3,Donor 147,246 Charity Ln,TestCity,TestState,11223,closed,high,Batch generated,Meal Pack 147,Cooked Food,25,servings
b12c85392635b46de5a12d3a,d211f6a051d98e8c0cf1e668,Donor 148,247 Charity Ln,TestCity,TestState,11223,closed,high,Batch generated,Meal Pack 148,Cooked Food,25,servings
dd79ced8de196ea249d8f655,23d1107eeda8d261bb3f2e1e,Donor 149,248 Charity Ln,TestCity,TestState,11223,closed,high,Batch generated,Meal Pack 149,Cooked Food,25,servings
91bb7fafa3120ac8fe7c5ace,801f1fc0713f11aa15d3288d,Donor 150,249 Charity Ln,TestCity,TestState,11223,closed,high,Batch generated,Meal Pack 150,Cooked Food,25,servings
d81933a166113f1b0086fd8d,2ad65db4aa527d9acf27fdb2,Donor 151,250 Charity Ln,TestCity,TestState,11223,closed,high,Batch generated,Meal Pack 151,Cooked Food,25,servings
ce2d5b49767991c00bfb1597,b304d3d571af82572260692b,Donor 152,251 Charity Ln,TestCity,TestState,11223,closed,high,Batch generated,Meal Pack 152,Cooked Food,25,servings
86a7e91a1d4e7392d832f45a,2b8968fdeed501e52be434e4,Donor 153,252 Charity Ln,TestCity,TestState,11223,closed,high,Batch generated,Meal Pack 153,Cooked Food,25,servings
6e147e97765b87106a7b1aee,b1917d6c5c2996250e7d97d5,Donor 154,253 Charity Ln,TestCity,TestState,11223,closed,high,Batch generated,Meal Pack 154,Cooked Food,25,servings
f9a03efd3cf198a9376fc14b,009e36f48734d081f62d82e2,Donor 155,254 Charity Ln,TestCity,TestState,11223,closed,high,Batch generated,Meal Pack 155,Cooked Food,25,servings
1e3191e7891f8bc2dbe40dea,2a2f4ac989cc17047b798474,Donor 156,255 Charity Ln,TestCity,TestState,11223,closed,high,Batch generated,Meal Pack 156,Cooked Food,25,servings
e17048371add7e93d5673688,e775d7284193b4efecbcde44,Donor 157,256 Charity Ln,TestCity,TestState,11223,closed,high,Batch generated,Meal Pack 157,Cooked Food,25,servings
3dd59444ddce61c37864e782,36bf1e000818de8846ddc267,Donor 158,257 Charity Ln,TestCity,TestState,11223,closed,high,Batch generated,Meal Pack 158,Cooked Food,25,servings
e34a271ed4fb9ea5dbc418a9,9899fd485739a1a334c507aa,Donor 159,258 Charity Ln,TestCity,TestState,11223,closed,high,Batch generated,Meal Pack 159,Cooked Food,25,servings
a9e9f4f139eefe1d7c74174d,b954d87c16f5e004f38dff55,Donor 160,259 Charity Ln,TestCity,TestState,11223,closed,high,Batch generated,Meal Pack 160,Cooked Food,25,servings
1eee98cfdd566bad3375b6ce,a6c0c0c688ca8d36a2b60f5a,Donor 161,260 Charity Ln,TestCity,TestState,11223,closed,high,Batch generated,Meal Pack 161,Cooked Food,25,servings
d2be4e9f4fcd003a27e11740,59e190b0168b064a1e2c364e,Donor 162,261 Charity Ln,TestCity,TestState,11223,closed,high,Batch generated,Meal Pack 162,Cooked Food,25,servings
59a95ba16176095b1cbb546d,316b0836a40f3517e8408ad9,Donor 163,262 Charity Ln,TestCity,TestState,11223,closed,high,Batch generated,Meal Pack 163,Cooked Food,25,servings
bc23f38252406670db6f588c,25a88f5ba55298b2b7481f28,Donor 164,263 Charity Ln,TestCity,TestState,11223,closed,high,Batch generated,Meal Pack 164,Cooked Food,25,servings
5bf513a3a02e4aa9c48e6e10,b9f3ef5c1baeb45a13333f83,Donor 165,264 Charity Ln,TestCity,TestState,11223,closed,high,Batch generated,Meal Pack 165,Cooked Food,25,servings
8e19d3b1b60b0ad7188e6d9e,271d39aa70fba870d835ef6a,Donor 166,265 Charity Ln,TestCity,TestState,11223,closed,high,Batch generated,Meal Pack 166,Cooked Food,25,servings
24b17a875321cf6eb8fbce54,d4c05b5e6e4a156b7dc4b18c,Donor 167,266 Charity Ln,TestCity,TestState,11223,closed,high,Batch generated,Meal Pack 167,Cooked Food,25,servings
f8704bd466568a3b6bdaaa2f,6b2f3de95551fe39ebda21d2,Donor 168,267 Charity Ln,TestCity,TestState,11223,closed,high,Batch generated,Meal Pack 168,Cooked Food,25,servings
b0221f898c12ec1dec9e3794,ac60cc621c3b833ceb7365aa,Donor 169,268 Charity Ln,TestCity,TestState,11223,closed,high,Batch generated,Meal Pack 169,Cooked Food,25,servings
52f2c2615efaaf3023822d1c,d42a7ac7a1077c961fdd4f49,Donor 170,269 Charity Ln,TestCity,TestState,11223,closed,high,Batch generated,Meal Pack 170,Cooked Food,25,servings
c8a58832a3e6eb70bb43ac71,458495f1cc2ba358a286677b,Donor 171,270 Charity Ln,TestCity,TestState,11223,closed,high,Batch generated,Meal Pack 171,Cooked Food,25,servings
b82bbd9d5a7c30089b23b967,bf9cb327acd5c1eaac21a688,Donor 172,271 Charity Ln,TestCity,TestState,11223,closed,high,Batch generated,Meal Pack 172,Cooked Food,25,servings
ce8a36e2d3f8190f73b932f2,c800670a63a39694090fa203,Donor 173,272 Charity Ln,TestCity,TestState,11223,closed,high,Batch generated,Meal Pack 173,Cooked Food,25,servings
9e0fe5104ec86ce026f97eb5,61e90c2b78922776d182b902,Donor 174,273 Charity Ln,TestCity,TestState,11223,closed,high,Batch generated,Meal Pack 174,Cooked Food,25,servings
c3624a086fd2ff1c10983dcd,9966eb7817af00d899d58224,Donor 175,274 Charity Ln,TestCity,TestState,11223,closed,high,Batch generated,Meal Pack 175,Cooked Food,25,servings
ec832470410fffcb7ea7c847,fbd7acf2fc8115699faa9780,Donor 176,275 Charity Ln,TestCity,TestState,11223,closed,high,Batch generated,Meal Pack 176,Cooked Food,25,servings
4e48c78be3504f7b0f473050,bf5a92f0adccd743583d7993,Donor 177,276 Charity Ln,TestCity,TestState,11223,closed,high,Batch generated,Meal Pack 177,Cooked Food,25,servings
a17385b24022f8de6b4c4ebb,2e600d7a3501854765839866,Donor 178,277 Charity Ln,TestCity,TestState,11223,closed,high,Batch generated,Meal Pack 178,Cooked Food,25,servings
de502278be55e2dc6c5a1bd4,f3172429f0b544f0fd404029,Donor 179,278 Charity Ln,TestCity,TestState,11223,closed,high,Batch generated,Meal Pack 179,Cooked Food,25,servings
6fb4332b8d0085a7af776069,a6f2dbd85477785a8fbade52,Donor 180,279 Charity Ln,TestCity,TestState,11223,closed,high,Batch generated,Meal Pack 180,Cooked Food,25,servings
c5dd74cb6d12bb9ca98411ca,86378de324c09b9c232e3768,Donor 181,280 Charity Ln,TestCity,TestState,11223,closed,high,Batch generated,Meal Pack 181,Cooked Food,25,servings
ebe768dd1389e2851c65c89a,4fb82417faec1d651e2ce46f,Donor 182,281 Charity Ln,TestCity,TestState,11223,closed,high,Batch generated,Meal Pack 182,Cooked Food,25,servings
7ec303222a5e2ff60bc15e5e,743fb6d8ebbe47d11ee3e6ec,Donor 183,282 Charity Ln,TestCity,TestState,11223,closed,high,Batch generated,Meal Pack 183,Cooked Food,25,servings
960a7b943eb5b4fc79ecd05d,53c341073272b05598c1e61a,Donor 184,283 Charity Ln,TestCity,TestState,11223,closed,high,Batch generated,Meal Pack 184,Cooked Food,25,servings
9a31d1125503e96424076a76,9d84bc64d56dc2558d8187be,Donor 185,284 Charity Ln,TestCity,TestState,11223,closed,high,Batch generated,Meal Pack 185,Cooked Food,25,servings
0b616ca3e7da36335cde4647,24014284ee4d5fb9de9ea5d9,Donor 186,285 Charity Ln,TestCity,TestState,11223,closed,high,Batch generated,Meal Pack 186,Cooked Food,25,servings
933f919bf3edef9b86ef66d8,b5be60eba6b42601a29eec61,Donor 187,286 Charity Ln,TestCity,TestState,11223,closed,high,Batch generated,Meal Pack 187,Cooked Food,25,servings
044d54326d7e3f5b5f3fa449,1a97fb7ee06ee12525661fab,Donor 188,287 Charity Ln,TestCity,TestState,11223,closed,high,Batch generated,Meal Pack 188,Cooked Food,25,servings
3f76e6740533e19487481f5c,eba52e581356ba4f192018a8,Donor 189,288 Charity Ln,TestCity,TestState,11223,closed,high,Batch generated,Meal Pack 189,Cooked Food,25,servings
9f637dc22e4674edb68f519a,ede424b0261c744d08cd3cd0,Donor 190,289 Charity Ln,TestCity,TestState,11223,closed,high,Batch generated,Meal Pack 190,Cooked Food,25,servings
44de0bbe1fcb9717ce340162,a4dcd69a3e7339bfe86a9842,Donor 191,290 Charity Ln,TestCity,TestState,11223,closed,high,Batch generated,Meal Pack 191,Cooked Food,25,servings
d8abe3cc16759a40c913b2fa,f4049f0ef7dbf91941a0033f,Donor 192,291 Charity Ln,TestCity,TestState,11223,closed,high,Batch generated,Meal Pack 192,Cooked Food,25,servings
fe610d8dc6c749ff191e2d93,4db15903ab2e57c0de44cc7b,Donor 193,292 Charity Ln,TestCity,TestState,11223,closed,high,Batch generated,Meal Pack 193,Cooked Food,25,servings
c2eee4e6e96a29de49ceae11,37237ee3e65276904d44e8c9,Donor 194,293 Charity Ln,TestCity,TestState,11223,closed,high,Batch generated,Meal Pack 194,Cooked Food,25,servings
92186e678a8d40096361f01f,06f7a677770aa333407f31ab,Donor 195,294 Charity Ln,TestCity,TestState,11223,closed,high,Batch generated,Meal Pack 195,Cooked Food,25,servings
2bf7a0a6b2306a1059a1ffed,5500d4892a602d3b57851803,Donor 196,295 Charity Ln,TestCity,TestState,11223,closed,high,Batch generated,Meal Pack 196,Cooked Food,25,servings
795039fd79c38a993a07e78a,6b347fd96f0d6d063d4562e9,Donor 197,296 Charity Ln,TestCity,TestState,11223,closed,high,Batch generated,Meal Pack 197,Cooked Food,25,servings
a0a9ded8ec8a175ea0253ea8,2f976ae0b6478f782a24a5aa,Donor 198,297 Charity Ln,TestCity,TestState,11223,closed,high,Batch generated,Meal Pack 198,Cooked Food,25,servings
a8c0ca945c393b6c2f8e93aa,f9b5299d8a4e73e550faa90d,Donor 199,298 Charity Ln,TestCity,TestState,11223,closed,high,Batch generated,Meal Pack 199,Cooked Food,25,servings
23340b9c4669895dcef2b26a,3d4444b12720bd18c8c9070a,Donor 200,299 Charity Ln,TestCity,TestState,11223,closed,high,Batch generated,Meal Pack 200,Cooked Food,25,servings
c3981632ca7936530dbd7c42,cc81bd632956671fd757a52f,Donor 201,300 Charity Ln,TestCity,TestState,11223,closed,high,Batch generated,Meal Pack 201,Cooked Food,25,servings
b900c5c7b7750da0e4af32e2,83805472c52f0fabec3a531f,Donor 202,301 Charity Ln,TestCity,TestState,11223,closed,high,Batch generated,Meal Pack 202,Cooked Food,25,servings
97a2b40833ac0ebf44c2a7fe,02df77e5655137284a3c0c44,Donor 203,302 Charity Ln,TestCity,TestState,11223,closed,high,Batch generated,Meal Pack 203,Cooked Food,25,servings
6ee6de8436cedc84da40fa1a,6e09844f967d745d9794c187,Donor 204,303 Charity Ln,TestCity,TestState,11223,closed,high,Batch generated,Meal Pack 204,Cooked Food,25,servings
f1414f10b02e6f93704944fa,b393481e4e67074f906fb6f4,Donor 205,304 Charity Ln,TestCity,TestState,11223,closed,high,Batch generated,Meal Pack 205,Cooked Food,25,servings
8012e0213dd0621d8ba85ccf,749cfd359c8280fe2acafbe7,Donor 206,305 Charity Ln,TestCity,TestState,11223,closed,high,Batch generated,Meal Pack 206,Cooked Food,25,servings
6c8726514ae5cced52643d96,a65ec603c1f53e350da22f60,Donor 207,306 Charity Ln,TestCity,TestState,11223,closed,high,Batch generated,Meal Pack 207,Cooked Food,25,servings
02f011b857465633c253a72a,172781664c6f2b371aa26584,Donor 208,307 Charity Ln,TestCity,TestState,11223,closed,high,Batch generated,Meal Pack 208,Cooked Food,25,servings
5944bea6c38e6928c1caecb9,c9be0da416b919039cdb1598,Donor 209,308 Charity Ln,TestCity,TestState,11223,closed,high,Batch generated,Meal Pack 209,Cooked Food,25,servings
4e6cbfbf368122c435170c68,a4b604db43fc56ddbd9b205a,Donor 210,309 Charity Ln,TestCity,TestState,11223,closed,high,Batch generated,Meal Pack 210,Cooked Food,25,servings
bf53b778956ee0ca6067c609,0fe9f40f7bd5aee2880ca747,Donor 211,310 Charity Ln,TestCity,TestState,11223,closed,high,Batch generated,Meal Pack 211,Cooked Food,25,servings
089b03a0bd6f23fda80c1102,a5d70e97bc7d6357b2b4f733,Donor 212,311 Charity Ln,TestCity,TestState,11223,closed,high,Batch generated,Meal Pack 212,Cooked Food,25,servings
9569249ab0ee6e11217f94ef,18275bd45a659c737dc2224d,Donor 213,312 Charity Ln,TestCity,TestState,11223,closed,high,Batch generated,Meal Pack 213,Cooked Food,25,servings
d85638e40b36310a1654d554,3dbd203930808431226307a8,Donor 214,313 Charity Ln,TestCity,TestState,11223,closed,high,Batch generated,Meal Pack 214,Cooked Food,25,servings
4b417d99f2e4a0f89ee6b483,fcad9c6a55a98f0cb9fb2e02,Donor 215,314 Charity Ln,TestCity,TestState,11223,closed,high,Batch generated,Meal Pack 215,Cooked Food,25,servings
225ad0b2a91ffe504865aa80,2e4e4893abbb8260e377c8c3,Donor 216,315 Charity Ln,TestCity,TestState,11223,closed,high,Batch generated,Meal Pack 216,Cooked Food,25,servings
2f86cd5963474e8a911ce9a3,45b3a5449d997c788d0783e2,Donor 217,316 Charity Ln,TestCity,TestState,11223,closed,high,Batch generated,Meal Pack 217,Cooked Food,25,servings
2774f8caf04cf72f4c4e7998,651c63b1e5b9ada91cc01f70,Donor 218,317 Charity Ln,TestCity,TestState,11223,closed,high,Batch generated,Meal Pack 218,Cooked Food,25,servings
e879ca4e83e2118e13cc94c4,8a83938dd87a980c4772d83a,Donor 219,318 Charity Ln,TestCity,TestState,11223,closed,high,Batch generated,Meal Pack 219,Cooked Food,25,servings
5e3eab0ce2746efc9ce25495,262ce33597e433fdc77ba630,Donor 220,319 Charity Ln,TestCity,TestState,11223,closed,high,Batch generated,Meal Pack 220,Cooked Food,25,servings
19b62fe58e05540b5bd3153c,564b301c65d5835daeba25ed,Donor 221,320 Charity Ln,TestCity,TestState,11223,closed,high,Batch generated,Meal Pack 221,Cooked Food,25,servings
42c2c09e3ce2988708851011,46e54e90ac10f812a0f8e3a7,Donor 222,321 Charity Ln,TestCity,TestState,11223,closed,high,Batch generated,Meal Pack 222,Cooked Food,25,servings
d6b74488fc6f9dc9513ee741,34e1030c8ca9aab9850915f7,Donor 223,322 Charity Ln,TestCity,TestState,11223,closed,high,Batch generated,Meal Pack 223,Cooked Food,25,servings
0161aafac21555250688dbe8,ef32f0b7569036743e07c710,Donor 224,323 Charity Ln,TestCity,TestState,11223,closed,high,Batch generated,Meal Pack 224,Cooked Food,25,servings
e2ac40c97a25516f33c864e5,6da0c9f9978d9917bd9cb5af,Donor 225,324 Charity Ln,TestCity,TestState,11223,closed,high,Batch generated,Meal Pack 225,Cooked Food,25,servings
f59e8432f12edec01c7741fa,5bbb4a55789a37506ffaff8e,Donor 226,325 Charity Ln,TestCity,TestState,11223,closed,high,Batch generated,Meal Pack 226,Cooked Food,25,servings
545a7790cc01cd4c4c32bc38,a101fb6b39f75c19e3b83232,Donor 227,326 Charity Ln,TestCity,TestState,11223,closed,high,Batch generated,Meal Pack 227,Cooked Food,25,servings
7bb0f96efed4b8ef57aa7bee,5d39f9bbf917bcef5436553c,Donor 228,327 Charity Ln,TestCity,TestState,11223,closed,high,Batch generated,Meal Pack 228,Cooked Food,25,servings
36e318accf52b0a9bf0b4bad,bbf22428299f4d5550a1fd52,Donor 229,328 Charity Ln,TestCity,TestState,11223,closed,high,Batch generated,Meal Pack 229,Cooked Food,25,servings
35db62ef673cba63b0e2739e,fc0e07125b7ac957549a6ae0,Donor 230,329 Charity Ln,TestCity,TestState,11223,closed,high,Batch generated,Meal Pack 230,Cooked Food,25,servings
6b5328f52866315f95df8339,b8295e06c95072f5087ec298,Donor 231,330 Charity Ln,TestCity,TestState,11223,closed,high,Batch generated,Meal Pack 231,Cooked Food,25,servings
b9629fc572ce51d9964085e2,5e072acfa75fb4af311dc798,Donor 232,331 Charity Ln,TestCity,TestState,11223,closed,high,Batch generated,Meal Pack 232,Cooked Food,25,servings
47ea7753fd3912688045626b,01483864ff70c05a88485383,Donor 233,332 Charity Ln,TestCity,TestState,11223,closed,high,Batch generated,Meal Pack 233,Cooked Food,25,servings
53c1c35385411b0555408b9c,c3cfd11c42f5a1c5838533f0,Donor 234,333 Charity Ln,TestCity,TestState,11223,closed,high,Batch generated,Meal Pack 234,Cooked Food,25,servings
148c442c7a8ee5a19a8d067a,ead5dde178d17b5e76e9baf9,Donor 235,334 Charity Ln,TestCity,TestState,11223,closed,high,Batch generated,Meal Pack 235,Cooked Food,25,servings
333ed5b5ccce1762010b1cf7,4f1a8c0686429e611e64d37c,Donor 236,335 Charity Ln,TestCity,TestState,11223,closed,high,Batch generated,Meal Pack 236,Cooked Food,25,servings
2bbeb580b2c0acf08c1f3bd8,5dba9f9987f5635676cba57b,Donor 237,336 Charity Ln,TestCity,TestState,11223,closed,high,Batch generated,Meal Pack 237,Cooked Food,25,servings
4f1d7d52087516a9c5d506bc,0f9df1043820a60afbf0953d,Donor 238,337 Charity Ln,TestCity,TestState,11223,closed,high,Batch generated,Meal Pack 238,Cooked Food,25,servings
750cb72dbb91df822f3f0e1b,bc9adc99daeaa117edecf2ab,Donor 239,338 Charity Ln,TestCity,TestState,11223,closed,high,Batch generated,Meal Pack 239,Cooked Food,25,servings
93a60280cdb75e942f6ce9bf,4f706bf895c08ee017d696cf,Donor 240,339 Charity Ln,TestCity,TestState,11223,closed,high,Batch generated,Meal Pack 240,Cooked Food,25,servings
0adfc1d3327d1c87a3d51516,261771adc33f968d662fdc7f,Donor 241,340 Charity Ln,TestCity,TestState,11223,closed,high,Batch generated,Meal Pack 241,Cooked Food,25,servings
eafb18fab22b11430532cee0,844a356bcf16c81a4e57fa30,Donor 242,341 Charity Ln,TestCity,TestState,11223,closed,high,Batch generated,Meal Pack 242,Cooked Food,25,servings
969ef40db8ef9beb01f674b0,79d2545bfb4d84d97956f58f,Donor 243,342 Charity Ln,TestCity,TestState,11223,closed,high,Batch generated,Meal Pack 243,Cooked Food,25,servings
cd5922347d92acea2fa4239b,36dd7cc984ad9018c7b95632,Donor 244,343 Charity Ln,TestCity,TestState,11223,closed,high,Batch generated,Meal Pack 244,Cooked Food,25,servings
95bc7e4b933284eef321713f,0ce8be7c7ae0312423e3c287,Donor 245,344 Charity Ln,TestCity,TestState,11223,closed,high,Batch generated,Meal Pack 245,Cooked Food,25,servings
66ff718dd0c4a0e8aa4c5a39,e7042eea4cb93c91dfc856a6,Donor 246,345 Charity Ln,TestCity,TestState,11223,closed,high,Batch generated,Meal Pack 246,Cooked Food,25,servings
2d69173900647d821f797789,b304b1b53644d75dab3004c8,Donor 247,346 Charity Ln,TestCity,TestState,11223,closed,high,Batch generated,Meal Pack 247,Cooked Food,25,servings
9a7b3b388ae9c8015098ee4d,aee00a62e0df9c57236a9f9b,Donor 248,347 Charity Ln,TestCity,TestState,11223,closed,high,Batch generated,Meal Pack 248,Cooked Food,25,servings
4e3e763277f24b0e36f78201,945f58bcebf1760cb96ad3ac,Donor 249,348 Charity Ln,TestCity,TestState,11223,closed,high,Batch generated,Meal Pack 249,Cooked Food,25,servings
9511f8d5a4acc71dd8d432b0,67077d8aa9eaf9f7191a06ec,Donor 250,349 Charity Ln,TestCity,TestState,11223,closed,high,Batch generated,Meal Pack 250,Cooked Food,25,servings
f8093ee923e7a993822b88dd,84c4afbc93c3f080f5d79d9c,Donor 251,350 Charity Ln,TestCity,TestState,11223,closed,high,Batch generated,Meal Pack 251,Cooked Food,25,servings
9e2677820766bea073573bd4,bb8f7c00ebc7468c0444b7b6,Donor 252,351 Charity Ln,TestCity,TestState,11223,closed,high,Batch generated,Meal Pack 252,Cooked Food,25,servings
c50120b651e02cbc16288504,5d724cc8ba6bcf0467f10d8d,Donor 253,352 Charity Ln,TestCity,TestState,11223,closed,high,Batch generated,Meal Pack 253,Cooked Food,25,servings
7b8ad82abb006c1d35e69de1,48fd5a40f7be45fdcc99ed24,Donor 254,353 Charity Ln,TestCity,TestState,11223,closed,high,Batch generated,Meal Pack 254,Cooked Food,25,servings
75255a064145a17ac02fe4fa,3d785efd315a6a56c488e4df,Donor 255,354 Charity Ln,TestCity,TestState,11223,closed,high,Batch generated,Meal Pack 255,Cooked Food,25,servings
81e1844005d587c89787fc57,263c8358a50eb45b20cb0d44,Donor 256,355 Charity Ln,TestCity,TestState,11223,closed,high,Batch generated,Meal Pack 256,Cooked Food,25,servings
a953aff79311c4f3e348d1f7,e8d4fb283ddff28a91da1d8a,Donor 257,356 Charity Ln,TestCity,TestState,11223,closed,high,Batch generated,Meal Pack 257,Cooked Food,25,servings
c05ffac20da38212cd6e6034,46c5ea59afc1f34c06251190,Donor 258,357 Charity Ln,TestCity,TestState,11223,closed,high,Batch generated,Meal Pack 258,Cooked Food,25,servings
4b2154aa314c7dcd768e9775,2eb19865b0e9134e84414e74,Donor 259,358 Charity Ln,TestCity,TestState,11223,closed,high,Batch generated,Meal Pack 259,Cooked Food,25,servings
3653fbd388fbe1d306333ecb,9460658029c89fabdae82b22,Donor 260,359 Charity Ln,TestCity,TestState,11223,closed,high,Batch generated,Meal Pack 260,Cooked Food,25,servings
421c58ba1d070626c1bcb91a,033c79a6c1e9db2d499aea0f,Donor 261,360 Charity Ln,TestCity,TestState,11223,closed,high,Batch generated,Meal Pack 261,Cooked Food,25,servings
9534020a3cb1a466739eea94,b10e9c40f5870979412f94fd,Donor 262,361 Charity Ln,TestCity,TestState,11223,closed,high,Batch generated,Meal Pack 262,Cooked Food,25,servings
591aaf4731235c8c7a278b4b,b4b9050832d9ac40adea1eea,Donor 263,362 Charity Ln,TestCity,TestState,11223,closed,high,Batch generated,Meal Pack 263,Cooked Food,25,servings
e25f7a1bdac85a5c11d3efea,a46bba0073d75577b0e98593,Donor 264,363 Charity Ln,TestCity,TestState,11223,closed,high,Batch generated,Meal Pack 264,Cooked Food,25,servings
6b50434ff8457e50d3d7e7f9,2223d7232d8246ff336999a9,Donor 265,364 Charity Ln,TestCity,TestState,11223,closed,high,Batch generated,Meal Pack 265,Cooked Food,25,servings
4e5756f8c994ed47a7c9e701,51c37bc818a379b3a05fa381,Donor 266,365 Charity Ln,TestCity,TestState,11223,closed,high,Batch generated,Meal Pack 266,Cooked Food,25,servings
1fd9934b3d23394b53d137a9,232a46dfac0322e28188e54c,Donor 267,366 Charity Ln,TestCity,TestState,11223,closed,high,Batch generated,Meal Pack 267,Cooked Food,25,servings
191ac30d79d659c18b8a3404,56438da069ba6af59aaf4907,Donor 268,367 Charity Ln,TestCity,TestState,11223,closed,high,Batch generated,Meal Pack 268,Cooked Food,25,servings
9afcf20b733273ee915e8d73,10ca8bd2f01d28f240aadd3a,Donor 269,368 Charity Ln,TestCity,TestState,11223,closed,high,Batch generated,Meal Pack 269,Cooked Food,25,servings
332c2aeb0db3e6e2ae860e0d,99aeb4a57fcae5532a35935f,Donor 270,369 Charity Ln,TestCity,TestState,11223,closed,high,Batch generated,Meal Pack 270,Cooked Food,25,servings
0767a023e331175b200202f9,6c241eb41fbf844abf3806e5,Donor 271,370 Charity Ln,TestCity,TestState,11223,closed,high,Batch generated,Meal Pack 271,Cooked Food,25,servings
ea44e1bf1526e8ce3f79da84,4a1cc347c53ab9f2e122acd7,Donor 272,371 Charity Ln,TestCity,TestState,11223,closed,high,Batch generated,Meal Pack 272,Cooked Food,25,servings
af4315132a319b6cb07fdb02,46fa1373676e297243975540,Donor 273,372 Charity Ln,TestCity,TestState,11223,closed,high,Batch generated,Meal Pack 273,Cooked Food,25,servings
63c05552317294de0de6c065,85475295d3e9c08848b734ef,Donor 274,373 Charity Ln,TestCity,TestState,11223,closed,high,Batch generated,Meal Pack 274,Cooked Food,25,servings
ee8fdafa9e81053b3bb435ef,b70414c7769d9f3c958df453,Donor 275,374 Charity Ln,TestCity,TestState,11223,closed,high,Batch generated,Meal Pack 275,Cooked Food,25,servings
2d4d9a4c9f300de8ab52fa46,4899d0ace8471669367be7da,Donor 276,375 Charity Ln,TestCity,TestState,11223,closed,high,Batch generated,Meal Pack 276,Cooked Food,25,servings
64988f2128f122c12af26fc4,78536c4aa3f12c3f6812eed0,Donor 277,376 Charity Ln,TestCity,TestState,11223,closed,high,Batch generated,Meal Pack 277,Cooked Food,25,servings
12c69992ecaed2c0c832e0ba,48fa0addf095012ed4fe5c66,Donor 278,377 Charity Ln,TestCity,TestState,11223,closed,high,Batch generated,Meal Pack 278,Cooked Food,25,servings
94c94665fe4d6ddfc5166c2a,e0f6dabb05dd0d3919a07a83,Donor 279,378 Charity Ln,TestCity,TestState,11223,closed,high,Batch generated,Meal Pack 279,Cooked Food,25,servings
9f45ffd8eeaf2ec7df3c8f22,a78b0e0b4069198bf4d18989,Donor 280,379 Charity Ln,TestCity,TestState,11223,closed,high,Batch generated,Meal Pack 280,Cooked Food,25,servings
2f33f8f54da0e12f24b5410a,ab86a62a19e42429c1160542,Donor 281,380 Charity Ln,TestCity,TestState,11223,closed,high,Batch generated,Meal Pack 281,Cooked Food,25,servings
bbe894eb5cecff706a3217e6,fe31be8410fcb0f790f38e0d,Donor 282,381 Charity Ln,TestCity,TestState,11223,closed,high,Batch generated,Meal Pack 282,Cooked Food,25,servings
7ebcae33e7d26b26710a9645,da48d25dcf1f7577f95e66a0,Donor 283,382 Charity Ln,TestCity,TestState,11223,closed,high,Batch generated,Meal Pack 283,Cooked Food,25,servings
7c94829e96927a571424ff78,588d5ac215243a99034aee95,Donor 284,383 Charity Ln,TestCity,TestState,11223,closed,high,Batch generated,Meal Pack 284,Cooked Food,25,servings
fc5b5e7a75952990ec79de0f,49e30555a1510fef358326b6,Donor 285,384 Charity Ln,TestCity,TestState,11223,closed,high,Batch generated,Meal Pack 285,Cooked Food,25,servings
827a5032456d2b32229142c5,3a294c2cfd7ec5073bca7b96,Donor 286,385 Charity Ln,TestCity,TestState,11223,closed,high,Batch generated,Meal Pack 286,Cooked Food,25,servings
760ce8fdb56714fc6b220d9c,34314b68e3b33bf71e06415a,Donor 287,386 Charity Ln,TestCity,TestState,11223,closed,high,Batch generated,Meal Pack 287,Cooked Food,25,servings
41f610b84f29e3a9cc9de519,e52740e9fc2337641860cae9,Donor 288,387 Charity Ln,TestCity,TestState,11223,closed,high,Batch generated,Meal Pack 288,Cooked Food,25,servings
cbf551e082626b8e890bdc3f,67ee9b7d70ff3f818c5a8a9e,Donor 289,388 Charity Ln,TestCity,TestState,11223,closed,high,Batch generated,Meal Pack 289,Cooked Food,25,servings
d942f6331b848bac226ac2e6,85d1aec2a9ea1e1a08181808,Donor 290,389 Charity Ln,TestCity,TestState,11223,closed,high,Batch generated,Meal Pack 290,Cooked Food,25,servings
12d752590ec5f5a9f24914a8,cb6fefcf7da2ee4ea3a4c37b,Donor 291,390 Charity Ln,TestCity,TestState,11223,closed,high,Batch generated,Meal Pack 291,Cooked Food,25,servings
ecf97e8078598d79a4c6d09c,8117dc0eb47361328a23c736,Donor 292,391 Charity Ln,TestCity,TestState,11223,closed,high,Batch generated,Meal Pack 292,Cooked Food,25,servings
e22e0a52f815559e97e6ba8e,f320cf5da3096d5967b76ead,Donor 293,392 Charity Ln,TestCity,TestState,11223,closed,high,Batch generated,Meal Pack 293,Cooked Food,25,servings
61ae4ae0754930497c3828f2,6d235fa4808e2f1674cf03a1,Donor 294,393 Charity Ln,TestCity,TestState,11223,closed,high,Batch generated,Meal Pack 294,Cooked Food,25,servings
c27d3f815a8748ea44bd72ed,968d9179738305a5dd998bae,Donor 295,394 Charity Ln,TestCity,TestState,11223,closed,high,Batch generated,Meal Pack 295,Cooked Food,25,servings
0591ecd9e063689c52b58894,3826d8e75773cd68ca1c490b,Donor 296,395 Charity Ln,TestCity,TestState,11223,closed,high,Batch generated,Meal Pack 296,Cooked Food,25,servings
0b26b67c8c7b2f7dfcee20a8,57661c10337406b99898748f,Donor 297,396 Charity Ln,TestCity,TestState,11223,closed,high,Batch generated,Meal Pack 297,Cooked Food,25,servings
239d42ff486dd908bb5e9aeb,11dfe269ca4fce454ed5be29,Donor 298,397 Charity Ln,TestCity,TestState,11223,closed,high,Batch generated,Meal Pack 298,Cooked Food,25,servings
85d95068d8593bd475323e89,5641ad6b8847d545ba69c9e2,Donor 299,398 Charity Ln,TestCity,TestState,11223,closed,high,Batch generated,Meal Pack 299,Cooked Food,25,servings
706054e51272b40460b90c72,6f09da1f272375e44db5611f,Donor 300,399 Charity Ln,TestCity,TestState,11223,closed,high,Batch generated,Meal Pack 300,Cooked Food,25,servings
ee92ad682e3024c6af309fbd,3948e85cbc42a45f4885ce07,Donor 301,400 Charity Ln,TestCity,TestState,11223,closed,high,Batch generated,Meal Pack 301,Cooked Food,25,servings
c01bd006cdd42ea510db2d65,c7b69e74d18a4c40b5a3c50f,Donor 302,401 Charity Ln,TestCity,TestState,11223,closed,high,Batch generated,Meal Pack 302,Cooked Food,25,servings
b97deccb8b0966e748bc66b1,3154482add48616256538439,Donor 303,402 Charity Ln,TestCity,TestState,11223,closed,high,Batch generated,Meal Pack 303,Cooked Food,25,servings
c6f537dc8b006a57de33ac53,fb6e2bfe19ed37242c4b3d47,Donor 304,403 Charity Ln,TestCity,TestState,11223,closed,high,Batch generated,Meal Pack 304,Cooked Food,25,servings
7337ebb3fd40a7e9cd47f6d3,f5720d3c72949ef3a9fd9108,Donor 305,404 Charity Ln,TestCity,TestState,11223,closed,high,Batch generated,Meal Pack 305,Cooked Food,25,servings
ee66cf650c0cb77993f4bed7,eaf8ed9afcd4d75295404506,Donor 306,405 Charity Ln,TestCity,TestState,11223,closed,high,Batch generated,Meal Pack 306,Cooked Food,25,servings
25f067bbc5158f61720bc130,6c0a945a6409e4ff1141d146,Donor 307,406 Charity Ln,TestCity,TestState,11223,closed,high,Batch generated,Meal Pack 307,Cooked Food,25,servings
b4477d13d292da1366ed2e34,067d91a0543fee34a79156bf,Donor 308,407 Charity Ln,TestCity,TestState,11223,closed,high,Batch generated,Meal Pack 308,Cooked Food,25,servings
3b96c8d5218c9e74ac65926e,d1c0772f0bcf1996a65282ad,Donor 309,408 Charity Ln,TestCity,TestState,11223,closed,high,Batch generated,Meal Pack 309,Cooked Food,25,servings
fabc2ac391090b13d574e05b,d6c64fb887fef68b4d3ca8d0,Donor 310,409 Charity Ln,TestCity,TestState,11223,closed,high,Batch generated,Meal Pack 310,Cooked Food,25,servings
