mealServer,donation_id,itemName,category,quantity,unit,operationType,loggedBy,city
cd4d772264e2feb6df9e04a8,3d4d193fba5e149ecec4595b,Meal Pack 1,Cooked Food,25,servings,received,cc3efec48c6e8683f9ce59ca,TestCity
374bf7f418d7543e6f9bea87,5633c276eb1d26b489e0ca0f,Meal Pack 2,Cooked Food,25,servings,received,c6f6f29250110acb018d0592,TestCity
3f516a68e5207f6df850c3cb,f4223edc38a2d77add3577ec,Meal Pack 3,Cooked Food,25,servings,received,4d14ff3e0d7b7c295bfc6b1f,TestCity
35291fda698c75e3aa93c73b,06b96a35951aacc3703e57af,Meal Pack 4,Cooked Food,25,servings,received,3a3b6a7555e4629b931dc347,TestCity
42c482087d1d01d699fe1ab1,bcbf3b54c0986d21c1f165d1,Meal Pack 5,Cooked Food,25,servings,received,22c1869844684ace475f7080,TestCity
4e9f116fa29166348a905515,84b97241625c36658b95ab04,Meal Pack 6,Cooked Food,25,servings,received,0981ba32df4c5b0197ec32f4,TestCity
585808314ae18d5206a8ac7f,fba0c9c172078ae250276082,Meal Pack 7,Cooked Food,25,servings,received,9fc3daf033775d601693fd94,TestCity
7b6d6ad53a84c8a61a726da5,ed9a82498d1ba1d4a4018804,Meal Pack 8,Cooked Food,25,servings,received,cbdbf2674489db4801c0a2bd,TestCity
eeecd94ee7c7998a94a98337,6dd954419ec16c4cbe7efed1,Meal Pack 9,Cooked Food,25,servings,received,65055fedd7cf5170949795ad,TestCity
5251e9fae4bcbe260e9932ea,f3cdc58d264c3b27bf368478,Meal Pack 10,Cooked Food,25,servings,received,647d81da18713dd3d4ddd797,TestCity
58899fdbfd9be176d2763d0e,386190620e12a3e65a96ab79,Meal Pack 11,Cooked Food,25,servings,received,ea1bf31d0fa48079b85c796d,TestCity
0ebe3f2dfad8a4268a52babd,36e5a7b18e41c939edc08fc8,Meal Pack 12,Cooked Food,25,servings,received,dd9de253c9d2e7a947208d9d,TestCity
cd4a80a1b44b5d7f06415d92,1b0e5109b33ac168ae85a48a,Meal Pack 13,Cooked Food,25,servings,received,62ebcc56ab0508a84dd32df1,TestCity
fa35d7b824b82e6a85fac3f4,eeb74b231105b81699b9f62f,Meal Pack 14,Cooked Food,25,servings,received,66e987d84a2a52c7050b30bb,TestCity
29c76d0953ee0dc14f63539f,94c5b359ac9fa255a0ae2b33,Meal Pack 15,Cooked Food,25,servings,received,36f8764e080dd53f4a8c293f,TestCity
1792e4aa113459218ae81a64,eba1943f61dd716c3f3cbe2c,Meal Pack 16,Cooked Food,25,servings,received,a5df70fb419873084b7c4888,TestCity
81fcb377c6627f993bd3921a,953cfddd507abd91dcd29914,Meal Pack 17,Cooked Food,25,servings,received,3c1e2d4b29dcc97a6c2f3097,TestCity
9c8e007582bc6a9f2b494d0e,dfbb0fe97a568c7f4a71669f,Meal Pack 18,Cooked Food,25,servings,received,2ab44d7e62c488cde8ee842b,TestCity
ab55f2c783e504ef3c5093a1,b5514d406096e001f7189d47,Meal Pack 19,Cooked Food,25,servings,received,f6fb88a2f122b7cf555815f1,TestCity
4b1796da9ed42e30de096c0c,43243b91c5322f5f7060194a,Meal Pack 20,Cooked Food,25,servings,received,4d15f29bdde9f5de8939af26,TestCity
e31cfc417560bc9ce0d3e338,13697c7be48c069161849c86,Meal Pack 21,Cooked Food,25,servings,received,b9a8e0832c78d0ae2cbd1d0d,TestCity
ff77cc652b96a29b4b41ea28,9a9b078303473353cf97e79a,Meal Pack 22,Cooked Food,25,servings,received,b1304e53d8a901023f1af33d,TestCity
86bd9812efb94f70632e80e6,445dd1c11ec82379d6127069,Meal Pack 23,Cooked Food,25,servings,received,ec6e0351a1c2e31d352e9d09,TestCity
a3f404e4390821893dba4d21,24a4baf7dcf235f170e97392,Meal Pack 24,Cooked Food,25,servings,received,2669ac1ce55af734e80c181a,TestCity
f74d6c2a3516209a77d2fe17,a6a2feb56cc191cee2b86fe6,Meal Pack 25,Cooked Food,25,servings,received,ab438a79ff35259ab3222879,TestCity
651507dc029d6bcbd6ee1cb3,6b729b2d5aa83f7116c72905,Meal Pack 26,Cooked Food,25,servings,received,7c7dc5210fe77be8a9d1a4ca,TestCity
d0b4f17f99a0eb8faaa370ba,9c997cda14fe96d5432d2386,Meal Pack 27,Cooked Food,25,servings,received,b3dba8e7273c9ab1fc9e17ff,TestCity
3e30beab7f6936016902a033,4a33fb719ca862533a2ebe8f,Meal Pack 28,Cooked Food,25,servings,received,52d27a434d5bdea34b496c17,TestCity
37e7ffa6662980fc86fe0fcc,8ac200e0036bbc12ffc15ec1,Meal Pack 29,Cooked Food,25,servings,received,14616971998ece0ab8579eaa,TestCity
bf69df430708fd302ddc9a1f,61458eea1dbb8ce996958315,Meal Pack 30,Cooked Food,25,servings,received,d9f87e5c45c63350a1dac639,TestCity
4420bb06d0a5b832cf18a5da,73f10eeca12b80f1082b9bb9,Meal Pack 31,Cooked Food,25,servings,received,b48ffb70ca0aab3493eb1d14,TestCity
ac0e71b43f6cebcdd59b4317,a0034a12e4d698a0881a224b,Meal Pack 32,Cooked Food,25,servings,received,d49ceb0565b8740e28dcb45f,TestCity
c092c68b5823bcdaf9daa480,0c33f03eff842e3350c53dcc,Meal Pack 33,Cooked Food,25,servings,received,5d20778fababd7821a938ec3,TestCity
70cdceb052b992f71e76d88d,498c14b1d5aff14c05e37b3d,Meal Pack 34,Cooked Food,25,servings,received,168c9619f05f4dee0e74cd8c,TestCity
78ad0ae80dec3540b0ad480b,0ae42072957d6f3e4a5c8ffc,Meal Pack 35,Cooked Food,25,servings,received,04dedf36c30213595b47f1eb,TestCity
9e1dcf11f175d8a347063e22,144f61f1e8a248f13051f5d3,Meal Pack 36,Cooked Food,25,servings,received,8e5a53b049abac90b7497100,TestCity
d86dcfb38db8e3af907ec31a,f1a0a21e74658fb13fb990bf,Meal Pack 37,Cooked Food,25,servings,received,18c9d72508757b1d6d66d5ea,TestCity
b0fb629bb103d9b9bd9a049c,4598f37a9d2d7b767ec3c5e6,Meal Pack 38,Cooked Food,25,servings,received,769f081b4e6f288a69350e0f,TestCity
61b6f791866de71bc1a22e30,8de72c88da10c829b319df13,Meal Pack 39,Cooked Food,25,servings,received,d99552d465dc2a56c19e4aee,TestCity
f7d3d2cb1da5adfe2cc7771f,cc31b0bc3ed2c35d8180d794,Meal Pack 40,Cooked Food,25,servings,received,620af78913ac414c620961e0,TestCity
a8c39cabcb96efa3cff8fc35,8b10fe96ddcd0a6a26c104c4,Meal Pack 41,Cooked Food,25,servings,received,f1e5ea604cafb675de72e6cd,TestCity
a92610cbcee26d8df39951cc,339841788a9dcf0342bf97c8,Meal Pack 42,Cooked Food,25,servings,received,f7a401d55b42e35b359807c5,TestCity
4e90992cc9c4766a88c9c925,dbaf35c642c64f6baea483f5,Meal Pack 43,Cooked Food,25,servings,received,7522b8eead4aa036047de9e8,TestCity
4f1d4eaee685b12859ed19ac,9c7d4700d195b924dc26703c,Meal Pack 44,Cooked Food,25,servings,received,a8cf984c3c67f62487456aee,TestCity
297b84762537438b12dea79e,324bb562bb7c9226823eb053,Meal Pack 45,Cooked Food,25,servings,received,baa37617047533b0c92f91b8,TestCity
64937fb573442c1c3ff98d8e,9844627ab066f1ae9daf2615,Meal Pack 46,Cooked Food,25,servings,received,4fe3870a8daf703d06c5e426,TestCity
675700dc6948f051e06f0458,d7f58cdc24cd4ec483d48cd2,Meal Pack 47,Cooked Food,25,servings,received,91f25db3bec4e4f09d60fe8a,TestCity
20d45b0fe3213985c422ee50,5a2b44494fe2cfbd0fc1a987,Meal Pack 48,Cooked Food,25,servings,received,1e699c48abea1dd59f48a175,TestCity
fbfab4dfe46dcaa805a54cb4,359bc7822f2561b312105097,Meal Pack 49,Cooked Food,25,servings,received,bb252a51bd63cd54024286e9,TestCity
96b8d38209c5c1a5d5d00c6f,721b445e70a0fecbdda35b70,Meal Pack 50,Cooked Food,25,servings,received,5cdcbc947af9bd14297cba69,TestCity
e4a6ad62169b095774f0bf42,b351db970c6394e53834a1ff,Meal Pack 51,Cooked Food,25,servings,received,b329c952e838d308698c9e32,TestCity
36011622682895145f7307f4,4584be3356f0f814d3a19de0,Meal Pack 52,Cooked Food,25,servings,received,c80dcb17b26e5c8b17dc1935,TestCity
383da610dba28c8469371eb2,23fe6f7afbb7598d3062f918,Meal Pack 53,Cooked Food,25,servings,received,6bd97b2818f36226c0f111e5,TestCity
9a52047efd3fa76a76966741,30e176ae7b77b263c75d62d7,Meal Pack 54,Cooked Food,25,servings,received,5bb97f613ea844e0bfff680f,TestCity
b1e0114cc96b51270630169d,7ec413474e9d91312fcc8dcd,Meal Pack 55,Cooked Food,25,servings,received,ffcb078758f155759d48d302,TestCity
23168eccde69535f610a2684,75f3c7c6c116aa9b87c1cd8d,Meal Pack 56,Cooked Food,25,servings,received,b525f431e2528352fe96716e,TestCity
6d2f7aee8441fb50c0c51e5e,ad60a9a976265b348d2b68a4,Meal Pack 57,Cooked Food,25,servings,received,8ac45cba6365c203753f826f,TestCity
7e555d2c5028e6d7279ecb8b,bcd2b091e85029372ff5748f,Meal Pack 58,Cooked Food,25,servings,received,7316e6cc18836a7ae5816f01,TestCity
294cbdc55f77ab389ca38c4c,36e2b8a664fe4825c075d5c6,Meal Pack 59,Cooked Food,25,servings,received,ff592a00ffd6cc157b764999,TestCity
d828544040f99dc64de8b2fe,72e62ff0e85dabc32b352cba,Meal Pack 60,Cooked Food,25,servings,received,88547b1c2bf4cde35e69ee83,TestCity
9c6e2c077be38ff27ef82024,ffb6f9c26ca05e32678c5112,Meal Pack 61,Cooked Food,25,servings,received,45ac7d4041c77abcc3bd8543,TestCity
2f91cf4a1c3c2f7c0db9019b,3638875502668b1cbfe3c6c3,Meal Pack 62,Cooked Food,25,servings,received,87a2a0e3f94c1f44bc3743ca,TestCity
b690e4b386577f1178511491,b28cf124b210ffd599dd79c7,Meal Pack 63,Cooked Food,25,servings,received,03c93c67557c793ff3ffeafc,TestCity
b7108bd3070fa207f42952e3,885599bf053aa208274a0186,Meal Pack 64,Cooked Food,25,servings,received,5448ebfbc55781c9abf9d131,TestCity
b8dfa999350a4d11bed14e9d,bc905607291c373987d32d8a,Meal Pack 65,Cooked Food,25,servings,received,ef12fa0b33fcdc643c0ae0fb,TestCity
ddaf0040d8005e9dea7f48b1,bfe2d7162e81f186f68124a8,Meal Pack 66,Cooked Food,25,servings,received,831fc4adb4045a3cd2845392,TestCity
dab05cee28556a26732d2b57,b875e0c75a386663e05e57c5,Meal Pack 67,Cooked Food,25,servings,received,97e2503ca9a01609010059ab,TestCity
1cfc02e71acf124675912bd3,1e45a54af1cab6ba68835986,Meal Pack 68,Cooked Food,25,servings,received,1d6b277beec6281410e97d3a,TestCity
14343987e9fef085c2b8ecbc,28c443d514a200e871f2dedc,Meal Pack 69,Cooked Food,25,servings,received,9dad631c3e63d8559415d699,TestCity
b623d33302e647db9d24b397,556f9d9b6acfd2aa4ab38a61,Meal Pack 70,Cooked Food,25,servings,received,9907aae480b8ccb7ea61ccc8,TestCity
4b4cc0313345c957d4768637,f89df931f88077dcff286b50,Meal Pack 71,Cooked Food,25,servings,received,ebb51b60db2e873bfa9abd56,TestCity
38e2205e7e4ffd28bf23c79c,dc6e8c1625cc52def649e2b8,Meal Pack 72,Cooked Food,25,servings,received,a1855e9a19cd9d3062726c10,TestCity
64a731eeeacfaf064b39d5ec,a091736e07b8bd6d4b2b8734,Meal Pack 73,Cooked Food,25,servings,received,1d7139a91e68896fe1d7dba8,TestCity
552eb843dedef2f777292fe3,fdaea686d32a806fc21eb8b6,Meal Pack 74,Cooked Food,25,servings,received,42cbf9e489e15870847dce63,TestCity
31df17fc0b97bbebe1c32294,43aa7cdddbae50b6e2f60908,Meal Pack 75,Cooked Food,25,servings,received,07660b518b56fe25f40d5d61,TestCity
036d85a3a4526392ac709368,5a9d28888b14220ff103c525,Meal Pack 76,Cooked Food,25,servings,received,4d9ffd9bb3fdc1602d146680,TestCity
5631176f847bdbf07595b2b0,1f5f012ace8c0f6f3873645b,Meal Pack 77,Cooked Food,25,servings,received,0b6ae9e07513a9d94f24d53f,TestCity
88db409163c0d083ead77900,f5805f2d8d2c5bf67001a32d,Meal Pack 78,Cooked Food,25,servings,received,c3ec4a9b045ecbe2c4c18503,TestCity
1cf597de493294492ee2ee07,a00e98e365ba2acf86167765,Meal Pack 79,Cooked Food,25,servings,received,e5d11504ffd4f8fc71664676,TestCity
9cafb61fcac4fb7e609c69d8,c2321d250dc3a712412ff05b,Meal Pack 80,Cooked Food,25,servings,received,5b7dc22480cbb77580d60b16,TestCity
a13ae4fd1c22f35fb46165e2,fa2ee1fb4b63e3a17ff6e9bf,Meal Pack 81,Cooked Food,25,servings,received,13df51d10bf06a2e88eba533,TestCity
9d5c5ed57db504247dc1deb4,f3900e8951d4304e66773015,Meal Pack 82,Cooked Food,25,servings,received,b5d517e5998a1e6513330d89,TestCity
84953ee8a93ab00f97016d60,17b12a7aca385533d4c14dc1,Meal Pack 83,Cooked Food,25,servings,received,0d463dc5368bd2a6086bf64c,TestCity
eddaab6d890ea296c215fc28,ee90d6637bd366e76e743072,Meal Pack 84,Cooked Food,25,servings,received,c9e386feddfb1026633708c2,TestCity
0941978213bfdbc4ad383416,4be9078bc7b8040895cae9ec,Meal Pack 85,Cooked Food,25,servings,received,634ed8b251beb287e9d560fa,TestCity
4757e49d192e2d5ba6d3af66,5499a37ae13eef9361f35e02,Meal Pack 86,Cooked Food,25,servings,received,0b9019402a0377f31b77de2b,TestCity
2276f367bbaafc2dadf38d26,740320eff4196a1481cc9e18,Meal Pack 87,Cooked Food,25,servings,received,cd692c9d243f5bb953689a0d,TestCity
2d415c7b642324959bf2b88f,23d85dc8202ceeeab13bdb0d,Meal Pack 88,Cooked Food,25,servings,received,009d740e9fd005bbe25517ca,TestCity
c40c608675c28901c80fd1a2,30aeaec7f13e6e652abb5765,Meal Pack 89,Cooked Food,25,servings,received,02bde3b43e28d84921b363a8,TestCity
ff4cc24b306890cbc17df852,956e83b500c19f3b571fec74,Meal Pack 90,Cooked Food,25,servings,received,edad87282045c36703f1ff33,TestCity
42be1ba3fc30ae12b561099d,520f5fa598636c6fd09af556,Meal Pack 91,Cooked Food,25,servings,received,a76802569e384b178d48c009,TestCity
ea1090c874be4a2c6580ac36,457629874b54010206350979,Meal Pack 92,Cooked Food,25,servings,received,ce59468dde1d21e657114610,TestCity
21f36f60fd8074e3660c52e2,a07a0e6bf00666451dd4b0d3,Meal Pack 93,Cooked Food,25,servings,received,54ba295cb785fff76a0f3c1d,TestCity
0a22a5eb6bde5f66b9575fa6,3f71affe17a59d750a1bb943,Meal Pack 94,Cooked Food,25,servings,received,6a7be6cdd50a08df8a24e063,TestCity
590ae2e2dbd58f8ab245b9ee,91b45d661ba064ae0e1d31da,Meal Pack 95,Cooked Food,25,servings,received,8f16ce42f50d709f18cc496d,TestCity
af34a8129f5077ab0521a3c3,447fc09f4e40894c0d3b4ec6,Meal Pack 96,Cooked Food,25,servings,received,c46eda38d0a544041c0d34aa,TestCity
d2e623e1cd4cdc83921d9879,4fe070403315d544f063db66,Meal Pack 97,Cooked Food,25,servings,received,74df3d56381e494a2943f0a6,TestCity
94392a4f87db97b079fe7e7b,281b8353c4825488bd827939,Meal Pack 98,Cooked Food,25,servings,received,83ecf44181a911b64a083b64,TestCity
998a5825d9458fd6aad4b320,0191ba998cf9aa05f2a84c97,Meal Pack 99,Cooked Food,25,servings,received,37899607802bd29f69ccab57,TestCity
554377b5ea7a840a98b90c35,80b54c36b4566cfb66c85718,Meal Pack 100,Cooked Food,25,servings,received,580d5ec9ce3c68985b6b5895,TestCity
5612b6f42c22b251e4e23bfc,2c6e3e46d531ad95f481eb35,Meal Pack 101,Cooked Food,25,servings,received,4d6fdd769ed08555af282f24,TestCity
3f71d7a65f1c167dc922c88a,79cdde6b153306bb5f30dee3,Meal Pack 102,Cooked Food,25,servings,received,6b5089709defb73e8cc5166f,TestCity
cf083df633d171a9db6924c7,69f04b23d0f0cf5fa3355f3c,Meal Pack 103,Cooked Food,25,servings,received,0c39bafb330ad2ca64ab5df5,TestCity
dba47a03faab9454637cf53b,487cf1e1fac67a8e19bfea0e,Meal Pack 104,Cooked Food,25,servings,received,154d23d9dc3891345044710d,TestCity
6b11001f2dd964bc0e06e36a,acd44e79852fa294e67da7ab,Meal Pack 105,Cooked Food,25,servings,received,8d396b1933b09de108c4762d,TestCity
f12b44a6350414335a126285,9235cd0a8145398191c9adc4,Meal Pack 106,Cooked Food,25,servings,received,4b318c56970dfe64f69243b4,TestCity
3a8babf65219658455e99b81,c2a78ca1a5195a86f85377b0,Meal Pack 107,Cooked Food,25,servings,received,bdf850ca226a782a6431155e,TestCity
bfcedc03121e1d0190b55401,ed8b699112a7ec5f0e1ec0ac,Meal Pack 108,Cooked Food,25,servings,received,ba8b7dbe20b37a7e84969608,TestCity
86855d24d9abd26ae80dbf3f,4ad958e3041204e9d2f373c9,Meal Pack 109,Cooked Food,25,servings,received,3b010eb9e2ccc1497432dacb,TestCity
5e394b33b0d0e64804d3a425,9a6029f1cdde89a0139dd018,Meal Pack 110,Cooked Food,25,servings,received,c689edc84b01f1aebe1eae4b,TestCity
486411f856ad715310472bf8,39dddd9918560d942820b3b4,Meal Pack 111,Cooked Food,25,servings,received,dbf087755269fa70fdca26ab,TestCity
fc0d1270444e71bfc18210e2,e13e588c9cc9d460aa864919,Meal Pack 112,Cooked Food,25,servings,received,47ab16ce51d1f8ca0bb1df7b,TestCity
b5c3e0310a0be20bf9976b08,c21771834bc25bf372a64b60,Meal Pack 113,Cooked Food,25,servings,received,151aa1b8e7ff7b05ab84133c,TestCity
3aa542c7f3cee8f05140318a,31e274dd6a3c7282cf51e404,Meal Pack 114,Cooked Food,25,servings,received,5130fa3601e423ccfb0c3fbc,TestCity
6d4084854b41c8f5b935145a,4b74611a1dd6af608441464e,Meal Pack 115,Cooked Food,25,servings,received,88e6fb08bfdacedcf7730178,TestCity
a57c45e56cf845488960d065,63c19951147effb0757e1ca1,Meal Pack 116,Cooked Food,25,servings,received,ecffc8b7718ccaa37dbb2df7,TestCity
3019bc248925fccd9cb820be,7b6b12d77fc70b7119359e7e,Meal Pack 117,Cooked Food,25,servings,received,4a61bdb74e21732325afc442,TestCity
1b1fe9ad51ebafa24de83b15,ce762830a580c0986f278f27,Meal Pack 118,Cooked Food,25,servings,received,22d1f0ae2cb0ef5a90075dd4,TestCity
d5516b209ae3176a2b43c204,ed8c9f975b76896c17ca5fcd,Meal Pack 119,Cooked Food,25,servings,received,8fbf74817fb8b06dc7f18b31,TestCity
76c6c55e95efb26690551b7e,99f0f78e718e0076b1827650,Meal Pack 120,Cooked Food,25,servings,received,1128ba7714c4f919ba33ca9f,TestCity
f671c0675f7e8fda88bc5b6b,32e1736647321c01982214f2,Meal Pack 121,Cooked Food,25,servings,received,c821be7dbc76c621488b8bbe,TestCity
2daf08e4489e7d5f6c6ab2c9,5e1661c98f42154957e61260,Meal Pack 122,Cooked Food,25,servings,received,26c3205cc523294a215b0ce7,TestCity
3493adc12def63840fed5357,1d27afea953175d13e710e18,Meal Pack 123,Cooked Food,25,servings,received,d6bf5a4388f9821f6146bc5c,TestCity
7a1a7d326dfa1b3a234dbf2f,f9c45b1c7679c5f6d8a47230,Meal Pack 124,Cooked Food,25,servings,received,32688e93e714faa9dbe48145,TestCity
bbbdd61d612f447f357ae37e,6696ef7a708e5a86d20b4d8f,Meal Pack 125,Cooked Food,25,servings,received,c7396e5b7c4dc8b3031d7576,TestCity
019795790aec2e17edb5128d,f3d7688ef08ca56063f5f722,Meal Pack 126,Cooked Food,25,servings,received,61745e9e449369a8f0085344,TestCity
fe7a99f6176e914b96c371ec,b58aaeee60919a0048d47989,Meal Pack 127,Cooked Food,25,servings,received,7eabe1d0d316ea556c9cee55,TestCity
4c22cc0928e1e12535edbda2,47474b43271aa506f7583dd3,Meal Pack 128,Cooked Food,25,servings,received,bd3412aeaca092b93f25380d,TestCity
081f895324680c42abe5ac9a,f00df5f5ac44df9222a98506,Meal Pack 129,Cooked Food,25,servings,received,875ae3d591c921db230993b1,TestCity
d7684d0d57b2d716bf9850d5,600a55ce86c61d5a5e60a899,Meal Pack 130,Cooked Food,25,servings,received,7295e55ed168ef9ceefb75c5,TestCity
d06fe1a183c77f4a65ec82b4,90cadd35ee0b1d0b88be206e,Meal Pack 131,Cooked Food,25,servings,received,376a12cf95cfccfbfcbc2de7,TestCity
d5e446fe697fc3410d3e8175,4c1f935e17563667c4d93ab9,Meal Pack 132,Cooked Food,25,servings,received,857bed2ff6e589958b1aa3f7,TestCity
801f3bacb3ca7f5c8a6a5015,b705f2b5b47543ee714e9900,Meal Pack 133,Cooked Food,25,servings,received,49e142a791d1addb24b35384,TestCity
2221d6781f459399f9eb694b,4c3d9915439bd11266c2bbb7,Meal Pack 134,Cooked Food,25,servings,received,9473de7a0a174d441767f46c,TestCity
bc39180fa6cc93261a48a53e,3ef56d08878d21d1ee6bf7ac,Meal Pack 135,Cooked Food,25,servings,received,e1031e8fdd71387aacd09eb7,TestCity
b63d45c49a09fa14214ef908,e84d0ee0198b903ae522e0df,Meal Pack 136,Cooked Food,25,servings,received,c15dc7bd91faea15e6c96488,TestCity
6381011805fa2b29f9d799d8,8ea62ab10d2ed3a290d89997,Meal Pack 137,Cooked Food,25,servings,received,42e62ca674e9c66cad040389,TestCity
371aec76ef87625f23e6cf5b,ba7b24fc0e1eaeea97212c26,Meal Pack 138,Cooked Food,25,servings,received,1bcca197c95b7280da77bb7e,TestCity
d677f70efcee126333e3fd79,f1e1c59eb823923a165a499f,Meal Pack 139,Cooked Food,25,servings,received,3547e7a4743a68f423401b8f,TestCity
7b44493b954d52eaed07474e,0492562f42d318280411f13e,Meal Pack 140,Cooked Food,25,servings,received,07157f7b7c1cdb744a85267b,TestCity
eefa896cc6c2f640c6a9ed89,f9b8d9939870d5f13deb371b,Meal Pack 141,Cooked Food,25,servings,received,9eebf34245c8b3540b0462d3,TestCity
c67717b743001aa619bbafcf,7ff7497759177664a21cb9d1,Meal Pack 142,Cooked Food,25,servings,received,a61c21282133be0fc0d1daa5,TestCity
9388413c24859878bdedaf90,6627fe42f2e080bd357d6f1b,Meal Pack 143,Cooked Food,25,servings,received,54ae069aa658c5e2fb1ec354,TestCity
76afc449b1b591bb61c62d30,03bf5df0ab4cc57a2cd6afbd,Meal Pack 144,Cooked Food,25,servings,received,bce6fe0a5705a0ef933c72b4,TestCity
4de3dafef90cc71a4bd51710,7e88e3df80e73aec036fdd46,Meal Pack 145,Cooked Food,25,servings,received,7282506f9bf43165e670c3de,TestCity
cb493a84adcce5cdd6391981,bbf6c39368b3deb8b3f7a100,Meal Pack 146,Cooked Food,25,servings,received,4c048af8054728c789c59a1d,TestCity
2668e728db3aa53b7d4ca1ea,f06d093734831c4cd5dcad55,Meal Pack 147,Cooked Food,25,servings,received,c724228293c324f609aefc9b,TestCity
d9cd203db2e5e621396e157a,b12c85392635b46de5a12d3a,Meal Pack 148,Cooked Food,25,servings,received,79374b5f30fa10a6ffc1e760,TestCity
61dcfe70e81a74d7c50b5bad,dd79ced8de196ea249d8f655,Meal Pack 149,Cooked Food,25,servings,received,a6daa487a7dedfd4dee58a40,TestCity
b9b2f01c713783e4a8c0b8f2,91bb7fafa3120ac8fe7c5ace,Meal Pack 150,Cooked Food,25,servings,received,19935b90ba55eb3feb1cab55,TestCity
d66f8aa655d727c4aa9a6168,d81933a166113f1b0086fd8d,Meal Pack 151,Cooked Food,25,servings,received,ce52f76386a8aac8364d4757,TestCity
285adc018494afa7ab63b75b,ce2d5b49767991c00bfb1597,Meal Pack 152,Cooked Food,25,servings,received,02c5c01d7f07c9df486722f1,TestCity
c96f4a6b32bcbe4f55fdc88a,86a7e91a1d4e7392d832f45a,Meal Pack 153,Cooked Food,25,servings,received,a0cb1e2cad7b5338cd47c9d8,TestCity
90350431ba5822b4b236cf15,6e147e97765b87106a7b1aee,Meal Pack 154,Cooked Food,25,servings,received,5e28b27edfb040b8e650a366,TestCity
fcd79fb0e80e0bc1be5f9b48,f9a03efd3cf198a9376fc14b,Meal Pack 155,Cooked Food,25,servings,received,bb542e9bdc4c8ae58262c96d,TestCity
33f38d31223d55a612440896,1e3191e7891f8bc2dbe40dea,Meal Pack 156,Cooked Food,25,servings,received,88638db2d3789c63e4b7616f,TestCity
885981c7604c3749bae62df4,e17048371add7e93d5673688,Meal Pack 157,Cooked Food,25,servings,received,ceda480522cb9ba503292f74,TestCity
54b6fe0ffe4570c254333f0e,3dd59444ddce61c37864e782,Meal Pack 158,Cooked Food,25,servings,received,fad3914e13bac84127249980,TestCity
c8eb3ec6a4c57e07ce1de815,e34a271ed4fb9ea5dbc418a9,Meal Pack 159,Cooked Food,25,servings,received,33af5242941ecd4cf29ebad4,TestCity
d7c5708cc34f48cd086d7c54,a9e9f4f139eefe1d7c74174d,Meal Pack 160,Cooked Food,25,servings,received,a543237a36deeced13fd5259,TestCity
4e62087ec83df248d0dda3bb,1eee98cfdd566bad3375b6ce,Meal Pack 161,Cooked Food,25,servings,received,c0db7da1deb576db3b2ff826,TestCity
117cf1122cf4cfb10221c8cb,d2be4e9f4fcd003a27e11740,Meal Pack 162,Cooked Food,25,servings,received,39139e4284e5f24698294057,TestCity
bce410845c824167186372e5,59a95ba16176095b1cbb546d,Meal Pack 163,Cooked Food,25,servings,received,8b304e5a9fd9c3b4f6402b2a,TestCity
3ac6c8725d147a11dca8f6b4,bc23f38252406670db6f588c,Meal Pack 164,Cooked Food,25,servings,received,ea56195b212a142b42e19f09,TestCity
6d5b9551400dac5a3cfe01d2,5bf513a3a02e4aa9c48e6e10,Meal Pack 165,Cooked Food,25,servings,received,5df22ec7d712e6b210b73547,TestCity
03f534a3c372f79ddc8a3266,8e19d3b1b60b0ad7188e6d9e,Meal Pack 166,Cooked Food,25,servings,received,16c1bf9963cb14611f8a5ead,TestCity
640f36bb8c5d2713d8c31ea8,24b17a875321cf6eb8fbce54,Meal Pack 167,Cooked Food,25,servings,received,ad98d841e8cf2089c86a0acd,TestCity
1de6d1168b6509dffdc18c76,f8704bd466568a3b6bdaaa2f,Meal Pack 168,Cooked Food,25,servings,received,dcad85e26d0261c89fbe25bb,TestCity
4364999c738d3bfe8bb1b7af,b0221f898c12ec1dec9e3794,Meal Pack 169,Cooked Food,25,servings,received,f2b216078d4812d9b0cd83f3,TestCity
07f5774922471b1ba17289c6,52f2c2615efaaf3023822d1c,Meal Pack 170,Cooked Food,25,servings,received,ead2b1b519b468585df3098b,TestCity
1eb2871981ba708e3402f225,c8a58832a3e6eb70bb43ac71,Meal Pack 171,Cooked Food,25,servings,received,e97bee2b27942b44b057e8e1,TestCity
3fb3219072243303264dc9bf,b82bbd9d5a7c30089b23b967,Meal Pack 172,Cooked Food,25,servings,received,b6a28dbf9fe00e3f05dbdcad,TestCity
fb4b55921d3660de2b308254,ce8a36e2d3f8190f73b932f2,Meal Pack 173,Cooked Food,25,servings,received,07982c624c6375a20181aab0,TestCity
058e5c0b50e3ded933dee5d8,9e0fe5104ec86ce026f97eb5,Meal Pack 174,Cooked Food,25,servings,received,da0cb42e88da61127716c42a,TestCity
0a8d3f84e18a2e6054b0dc74,c3624a086fd2ff1c10983dcd,Meal Pack 175,Cooked Food,25,servings,received,f5dffafa0e61535c28a7c8b2,TestCity
2500726fd4cafbec3a502794,ec832470410fffcb7ea7c847,Meal Pack 176,Cooked Food,25,servings,received,e09c240d654db914d126e6dc,TestCity
500dfac5118a1ab5130db08f,4e48c78be3504f7b0f473050,Meal Pack 177,Cooked Food,25,servings,received,1bc29a900848fc6aefe08a55,TestCity
6757b9c73f181c9bfdf64e8d,a17385b24022f8de6b4c4ebb,Meal Pack 178,Cooked Food,25,servings,received,a2aaaec83d32e8d21458a733,TestCity
728a39ed1579ce73df3ee1d5,de502278be55e2dc6c5a1bd4,Meal Pack 179,Cooked Food,25,servings,received,949774d3623d80c364f15509,TestCity
ed41662e08a1170e4b398ab2,6fb4332b8d0085a7af776069,Meal Pack 180,Cooked Food,25,servings,received,6c140fcf52fb159ef4ad1f89,TestCity
552501b267648df26e0d3d54,c5dd74cb6d12bb9ca98411ca,Meal Pack 181,Cooked Food,25,servings,received,196d08a1d2f92ea126f48dc5,TestCity
c579ca12e9772e0f1cada3ca,ebe768dd1389e2851c65c89a,Meal Pack 182,Cooked Food,25,servings,received,501fa896d5e49f468a93f93d,TestCity
730f1f4beb76c82edd20c9c1,7ec303222a5e2ff60bc15e5e,Meal Pack 183,Cooked Food,25,servings,received,a3f033d42cc5f20dade9a700,TestCity
769466c0240ec02e97606aa0,960a7b943eb5b4fc79ecd05d,Meal Pack 184,Cooked Food,25,servings,received,d7c1e4147be79606ed417fc6,TestCity
c5f30b61e3c8a098b5294f34,9a31d1125503e96424076a76,Meal Pack 185,Cooked Food,25,servings,received,4ce419a50349cf55b043cf2b,TestCity
e986fa1390cb0148d331f493,0b616ca3e7da36335cde4647,Meal Pack 186,Cooked Food,25,servings,received,394b5e2ceac70308c4911046,TestCity
69b1036292ee3c4addce64f4,933f919bf3edef9b86ef66d8,Meal Pack 187,Cooked Food,25,servings,received,883c76b33418f1b6e104d024,TestCity
2a51350f73c75dbf3d7b1b30,044d54326d7e3f5b5f3fa449,Meal Pack 188,Cooked Food,25,servings,received,02fe350eb701616a53d6962e,TestCity
1ccfbe27eacd86b2257b8d1a,3f76e6740533e19487481f5c,Meal Pack 189,Cooked Food,25,servings,received,9e419a52ff2fe26608384974,TestCity
29989aa552644c2ad08bc458,9f637dc22e4674edb68f519a,Meal Pack 190,Cooked Food,25,servings,received,d1a9b10475b7a70a7044fc67,TestCity
a22254d06daeb9b063691960,44de0bbe1fcb9717ce340162,Meal Pack 191,Cooked Food,25,servings,received,beefcce2fdba386c2f3e4977,TestCity
53365715229c2ea86c2eee6a,d8abe3cc16759a40c913b2fa,Meal Pack 192,Cooked Food,25,servings,received,5c71fffac700883132df132b,TestCity
89ff39114f5fcb21b3f9debd,fe610d8dc6c749ff191e2d93,Meal Pack 193,Cooked Food,25,servings,received,9e4199bfce624bbb2159602f,TestCity
78d9c58488f6cfa7ae973766,c2eee4e6e96a29de49ceae11,Meal Pack 194,Cooked Food,25,servings,received,72f1a3af702f7a3f896edc6b,TestCity
c86ed232013dfc9f25ac1fab,92186e678a8d40096361f01f,Meal Pack 195,Cooked Food,25,servings,received,f23f3225da62edd704830acb,TestCity
805acd1cd6361c6266918680,2bf7a0a6b2306a1059a1ffed,Meal Pack 196,Cooked Food,25,servings,received,40f612b6dda6a6aacc100202,TestCity
df130138d8c49ace0c31823d,795039fd79c38a993a07e78a,Meal Pack 197,Cooked Food,25,servings,received,4f6fd3bf52f8853094611e7e,TestCity
6d09778c4640e1116941e21d,a0a9ded8ec8a175ea0253ea8,Meal Pack 198,Cooked Food,25,servings,received,c3b2db100b11cf21cf4c9b7f,TestCity
1ffd0f0dc5d0e4ffc420a484,a8c0ca945c393b6c2f8e93aa,Meal Pack 199,Cooked Food,25,servings,received,d53dcbf46c65ef39e524b322,TestCity
74d3b6845677435612ea9206,23340b9c4669895dcef2b26a,Meal Pack 200,Cooked Food,25,servings,received,ca996dd0f1bd7185d1a0326b,TestCity
04f0afcf5a5c3c4f052ef1aa,c3981632ca7936530dbd7c42,Meal Pack 201,Cooked Food,25,servings,received,f67de1d58154e093aa6a4d33,TestCity
22c55acf2ef19c3377dc6987,b900c5c7b7750da0e4af32e2,Meal Pack 202,Cooked Food,25,servings,received,ba251fdd99755cf8bd913311,TestCity
fcd4e5326b4732251eab6261,97a2b40833ac0ebf44c2a7fe,Meal Pack 203,Cooked Food,25,servings,received,b9ceca780fe66c733a4290d1,TestCity
2c6b6d44822dc63995fcff1c,6ee6de8436cedc84da40fa1a,Meal Pack 204,Cooked Food,25,servings,received,519adfa89ea6d022afc1c4be,TestCity
6bf641f8ffe987493b3563f6,f1414f10b02e6f93704944fa,Meal Pack 205,Cooked Food,25,servings,received,26ea33ba0a0f9e4505ab7703,TestCity
475567530af008a6ccc36806,8012e0213dd0621d8ba85ccf,Meal Pack 206,Cooked Food,25,servings,received,0a1485b98169b27a55afeae8,TestCity
881ee66d01356ea2257c8bb6,6c8726514ae5cced52643d96,Meal Pack 207,Cooked Food,25,servings,received,7246f10cb4c20fcd294b0c6d,TestCity
eb81319013ba0898a9bd3cc0,02f011b857465633c253a72a,Meal Pack 208,Cooked Food,25,servings,received,50ed8d4ff3586a1d4b8a3a86,TestCity
e0dafa0a116f61f55cf8c0b4,5944bea6c38e6928c1caecb9,Meal Pack 209,Cooked Food,25,servings,received,18ea32f461d97e5f9d452d30,TestCity
e18108bd85b19151cdf45218,4e6cbfbf368122c435170c68,Meal Pack 210,Cooked Food,25,servings,received,4229ec1bcbe4e12dbb0cc174,TestCity
bf4407767a34237c2c38f3b0,bf53b778956ee0ca6067c609,Meal Pack 211,Cooked Food,25,servings,received,4364c0243c2de9b572a8d8f8,TestCity
bcbf405ef17dd49eb71baa77,089b03a0bd6f23fda80c1102,Meal Pack 212,Cooked Food,25,servings,received,e77296a712e64fd3ae216223,TestCity
a1fb7fe209ab1e9008491718,9569249ab0ee6e11217f94ef,Meal Pack 213,Cooked Food,25,servings,received,20643c894c4daf1aa5e88eee,TestCity
7b69a136d1c093ec6a0b440c,d85638e40b36310a1654d554,Meal Pack 214,Cooked Food,25,servings,received,ea998f416b7f53a3f5265c86,TestCity
a57600d41e2552a695170913,4b417d99f2e4a0f89ee6b483,Meal Pack 215,Cooked Food,25,servings,received,e0581c7d9b83cf1c4ab7118c,TestCity
33c311313f46d190aaa1cb38,225ad0b2a91ffe504865aa80,Meal Pack 216,Cooked Food,25,servings,received,34b60a2857d28505647f6556,TestCity
f6891e6b6a97aabbebf04e14,2f86cd5963474e8a911ce9a3,Meal Pack 217,Cooked Food,25,servings,received,4e2c78cd808aa3663637675e,TestCity
65b92462fe256c85e08fa653,2774f8caf04cf72f4c4e7998,Meal Pack 218,Cooked Food,25,servings,received,e79d48c60573e5ac58148e95,TestCity
f82f9d1032f287e753a63bc8,e879ca4e83e2118e13cc94c4,Meal Pack 219,Cooked Food,25,servings,received,deb325115d39feb1aee13c51,TestCity
5a6bc5eb740ed8fec901aa44,5e3eab0ce2746efc9ce25495,Meal Pack 220,Cooked Food,25,servings,received,fe22c61d40995674dcacbd81,TestCity
54a2c52608f197d760406fb8,19b62fe58e05540b5bd3153c,Meal Pack 221,Cooked Food,25,servings,received,b626a33e3ae874a6a3ad56f2,TestCity
945e249b94dcfaf3bb6e7809,42c2c09e3ce2988708851011,Meal Pack 222,Cooked Food,25,servings,received,996d8f562f1b1e366e3f8f95,TestCity
d039c6a025834704febbe938,d6b74488fc6f9dc9513ee741,Meal Pack 223,Cooked Food,25,servings,received,ac1d63e1f0e25cd55835f371,TestCity
6e07d355790a9cb5fe4ec836,0161aafac21555250688dbe8,Meal Pack 224,Cooked Food,25,servings,received,bbaa7134c54aadb7a0b021fa,TestCity
d4e5f0d8b91ea5ab9d521f68,e2ac40c97a25516f33c864e5,Meal Pack 225,Cooked Food,25,servings,received,83d2c5b3a571cdd74a6d63b7,TestCity
143d0b5a7bbbc8f1102c7362,f59e8432f12edec01c7741fa,Meal Pack 226,Cooked Food,25,servings,received,8c4167b7da8c2217e0bce299,TestCity
ddd75e55c7dc8202f68b768e,545a7790cc01cd4c4c32bc38,Meal Pack 227,Cooked Food,25,servings,received,3c4abad77d72a40cfa29ac11,TestCity
6e9710239d7c418624c08d22,7bb0f96efed4b8ef57aa7bee,Meal Pack 228,Cooked Food,25,servings,received,d5a087bd1096d6ec0c5e4572,TestCity
bdd882c7f591e863e1bb9238,36e318accf52b0a9bf0b4bad,Meal Pack 229,Cooked Food,25,servings,received,84281fbd54e19dd7e35b29b3,TestCity
2cfe9be9db122aa42301e88e,35db62ef673cba63b0e2739e,Meal Pack 230,Cooked Food,25,servings,received,2d05b27be5f8424770bfba7e,TestCity
ba5d44f5744182d651759626,6b5328f52866315f95df8339,Meal Pack 231,Cooked Food,25,servings,received,dfe052cea96d13c06b45e860,TestCity
d8bb634fd612b01099926ba9,b9629fc572ce51d9964085e2,Meal Pack 232,Cooked Food,25,servings,received,5597255de07ba64ac788fd17,TestCity
77183220dc769760898e44f3,47ea7753fd3912688045626b,Meal Pack 233,Cooked Food,25,servings,received,e33dde71bfafe9e443eb233d,TestCity
b452564fe5f473fc4c37785c,53c1c35385411b0555408b9c,Meal Pack 234,Cooked Food,25,servings,received,9c665e295497c271339155fa,TestCity
b929eb9220d606886e478212,148c442c7a8ee5a19a8d067a,Meal Pack 235,Cooked Food,25,servings,received,a2a89d23d54a27e5ef08363c,TestCity
b1e71e0d1b555ae4cb4ccd3d,333ed5b5ccce1762010b1cf7,Meal Pack 236,Cooked Food,25,servings,received,46db606d33d0d0d5cfe5ef41,TestCity
e719a1128cb0e82b5667a7ce,2bbeb580b2c0acf08c1f3bd8,Meal Pack 237,Cooked Food,25,servings,received,e793c6c73289531cededfb09,TestCity
5f869ba488485dcb8bb0b197,4f1d7d52087516a9c5d506bc,Meal Pack 238,Cooked Food,25,servings,received,d5a74bb28db525a1bd22bf43,TestCity
b4aa361844cf23e5599dd977,750cb72dbb91df822f3f0e1b,Meal Pack 239,Cooked Food,25,servings,received,403c36401b347b7225f98d8d,TestCity
1069576e8b96c7c98176f7cb,93a60280cdb75e942f6ce9bf,Meal Pack 240,Cooked Food,25,servings,received,8221b3911871a0e9bc37eb0d,TestCity
24509e6eb05e8f8695ce2e39,0adfc1d3327d1c87a3d51516,Meal Pack 241,Cooked Food,25,servings,received,92794b322df31dd1374454f5,TestCity
ad026a310aed19a809556636,eafb18fab22b11430532cee0,Meal Pack 242,Cooked Food,25,servings,received,ef75eee6a1ae33aede346968,TestCity
990f6754e593ff5f636b258e,969ef40db8ef9beb01f674b0,Meal Pack 243,Cooked Food,25,servings,received,2dd1ed3cea2dffa324e82420,TestCity
18fe9aa922bfa880a0148504,cd5922347d92acea2fa4239b,Meal Pack 244,Cooked Food,25,servings,received,b8dcc273b889f5a7062fa266,TestCity
2647b007df18895e67d756c3,95bc7e4b933284eef321713f,Meal Pack 245,Cooked Food,25,servings,received,0b5f8cc743d9eba586028863,TestCity
54250047a569a1aa5bc44b8f,66ff718dd0c4a0e8aa4c5a39,Meal Pack 246,Cooked Food,25,servings,received,3d212f7a5ddbee44360b86e2,TestCity
9508b50ef00d6566722e0709,2d69173900647d821f797789,Meal Pack 247,Cooked Food,25,servings,received,118b5e9be24e39d0231e541b,TestCity
0f425da21ec5243eb93893a0,9a7b3b388ae9c8015098ee4d,Meal Pack 248,Cooked Food,25,servings,received,db28702e6f745d46685e4474,TestCity
37545716042fbd08eb5ff0b8,4e3e763277f24b0e36f78201,Meal Pack 249,Cooked Food,25,servings,received,c25b8e97350fdf7e1c7647c8,TestCity
e941a7f0732b4374d9fd6127,9511f8d5a4acc71dd8d432b0,Meal Pack 250,Cooked Food,25,servings,received,2d83207371c780400f4258ce,TestCity
8274b40712dd4cf3dacb6680,f8093ee923e7a993822b88dd,Meal Pack 251,Cooked Food,25,servings,received,a90c484d1eb19d50fd5fca3e,TestCity
fdd792278e429b243aebc3eb,9e2677820766bea073573bd4,Meal Pack 252,Cooked Food,25,servings,received,3febdafbbca4ce4a1b4e7fa2,TestCity
d9ae95af554816ba5fc06e88,c50120b651e02cbc16288504,Meal Pack 253,Cooked Food,25,servings,received,d1829419512e182e7dde2866,TestCity
7496abc4d74eeb054247277e,7b8ad82abb006c1d35e69de1,Meal Pack 254,Cooked Food,25,servings,received,c54467507a2eede80276943e,TestCity
7144cbf1a2280a990038d11a,75255a064145a17ac02fe4fa,Meal Pack 255,Cooked Food,25,servings,received,228ff752d58239d34040aa8a,TestCity
326a7dec25101411b068a87d,81e1844005d587c89787fc57,Meal Pack 256,Cooked Food,25,servings,received,ddf47a0b347f843b42197c77,TestCity
8323eaa84ca33d5c1b7564fe,a953aff79311c4f3e348d1f7,Meal Pack 257,Cooked Food,25,servings,received,f3bb0490e8ec07d2d794af8f,TestCity
31f2f5153a8b2200f26ed7eb,c05ffac20da38212cd6e6034,Meal Pack 258,Cooked Food,25,servings,received,9192d4867fbba054f00d877d,TestCity
f6cdebc53870fa7ec99f4b32,4b2154aa314c7dcd768e9775,Meal Pack 259,Cooked Food,25,servings,received,d671e6deaffabf0b382be072,TestCity
07d464475c6b1813970afea2,3653fbd388fbe1d306333ecb,Meal Pack 260,Cooked Food,25,servings,received,9a96056dbcadb4eab7398a81,TestCity
bb55c1cf28feddc96c7a5133,421c58ba1d070626c1bcb91a,Meal Pack 261,Cooked Food,25,servings,received,b773317cd3798233382b6562,TestCity
d2e29b5a712f966a71726fdd,9534020a3cb1a466739eea94,Meal Pack 262,Cooked Food,25,servings,received,ddcc12270ef06f4bdf991d32,TestCity
6450be8722bf5aac823aa07b,591aaf4731235c8c7a278b4b,Meal Pack 263,Cooked Food,25,servings,received,ec12f2a8d3fc6bfb569772f5,TestCity
ee8d65ec94c20a6675f3e91b,e25f7a1bdac85a5c11d3efea,Meal Pack 264,Cooked Food,25,servings,received,a49743889a216d712f6e2364,TestCity
551d369c2c8fdd17da54f5e7,6b50434ff8457e50d3d7e7f9,Meal Pack 265,Cooked Food,25,servings,received,747881de30696c204eef2e37,TestCity
3fc752484c5aae46ef6d3a80,4e5756f8c994ed47a7c9e701,Meal Pack 266,Cooked Food,25,servings,received,e75d1abeece1f2370328882e,TestCity
7d791640160ad59f1cde0e27,1fd9934b3d23394b53d137a9,Meal Pack 267,Cooked Food,25,servings,received,cadf7d385a850937820ca771,TestCity
1f6cf021da11e009947f4276,191ac30d79d659c18b8a3404,Meal Pack 268,Cooked Food,25,servings,received,425bebfbe578e860414931b1,TestCity
013c7aaf7bdc50c90f09cf0f,9afcf20b733273ee915e8d73,Meal Pack 269,Cooked Food,25,servings,received,1e68065b56f7f33bf04ecd03,TestCity
4bce3bdf718a319962e93c78,332c2aeb0db3e6e2ae860e0d,Meal Pack 270,Cooked Food,25,servings,received,c4a06c0b546926241b9bd255,TestCity
6b3d98c8958bf6798e31bc16,0767a023e331175b200202f9,Meal Pack 271,Cooked Food,25,servings,received,7623333a4d656766ba974d31,TestCity
4372adc59396c9c0fec91649,ea44e1bf1526e8ce3f79da84,Meal Pack 272,Cooked Food,25,servings,received,d24c50694e7593f09c2f622f,TestCity
a409c1afaaa655ae771ad3c1,af4315132a319b6cb07fdb02,Meal Pack 273,Cooked Food,25,servings,received,60178cb638d7f96ec7a1594e,TestCity
49d2d25bd77ce1152d40460f,63c05552317294de0de6c065,Meal Pack 274,Cooked Food,25,servings,received,372de1d0ff30a9c36ad163c0,TestCity
ee7e2406c008f84b20005136,ee8fdafa9e81053b3bb435ef,Meal Pack 275,Cooked Food,25,servings,received,5a75dd3562cf0075f890fa24,TestCity
7f5834bcd28a32d1f3c327f5,2d4d9a4c9f300de8ab52fa46,Meal Pack 276,Cooked Food,25,servings,received,a753f97958086684ec4fa9b0,TestCity
fde1fca4a3dce83eb15c5bee,64988f2128f122c12af26fc4,Meal Pack 277,Cooked Food,25,servings,received,f5cdae18803aaae747006d51,TestCity
a80c88b603ee85c32d582159,12c69992ecaed2c0c832e0ba,Meal Pack 278,Cooked Food,25,servings,received,7842e15bc1e6140f8cc3994d,TestCity
06d8d33abd11225cbc99b972,94c94665fe4d6ddfc5166c2a,Meal Pack 279,Cooked Food,25,servings,received,d2b53b4f9afc8ec1575832d2,TestCity
ea6850578fff6d3a8f71a222,9f45ffd8eeaf2ec7df3c8f22,Meal Pack 280,Cooked Food,25,servings,received,ab04d442ccc23dc9580c33d1,TestCity
1ae34b69f04a2ca978e8dfac,2f33f8f54da0e12f24b5410a,Meal Pack 281,Cooked Food,25,servings,received,865f79eb06904b8a3c6a0d56,TestCity
d684cc848302d31910329b38,bbe894eb5cecff706a3217e6,Meal Pack 282,Cooked Food,25,servings,received,93d2257ca5582fc6f67c6412,TestCity
cf85e3e83006d1a5818c952e,7ebcae33e7d26b26710a9645,Meal Pack 283,Cooked Food,25,servings,received,9c0f1ea649e1703439480c20,TestCity
0c542a12990121b537a36b1c,7c94829e96927a571424ff78,Meal Pack 284,Cooked Food,25,servings,received,6ff2c69535b87db7bde7b41c,TestCity
79c9279b9b5f2c47ef04ec7e,fc5b5e7a75952990ec79de0f,Meal Pack 285,Cooked Food,25,servings,received,bfe4e87ed1979eaba8d9750f,TestCity
aab3c336e91b985faa5889d0,827a5032456d2b32229142c5,Meal Pack 286,Cooked Food,25,servings,received,de09f1c63e4e227a4d3334a1,TestCity
44fa35e46e622eff0d8759cd,760ce8fdb56714fc6b220d9c,Meal Pack 287,Cooked Food,25,servings,received,a34c58304cbe2d2a93e83630,TestCity
88e423c5b18938502e53e7cd,41f610b84f29e3a9cc9de519,Meal Pack 288,Cooked Food,25,servings,received,765c89a7c9a84f4c49cd65f2,TestCity
823a66f775ff95beb031d347,cbf551e082626b8e890bdc3f,Meal Pack 289,Cooked Food,25,servings,received,263a72a64b1286e7baf0b11d,TestCity
38341e8420edbfe3be758e44,d942f6331b848bac226ac2e6,Meal Pack 290,Cooked Food,25,servings,received,fca8b953f369ba6b53c75382,TestCity
452b24f9f6005e3ff53eb37e,12d752590ec5f5a9f24914a8,Meal Pack 291,Cooked Food,25,servings,received,6e5b05a3a63f8d41a92f027a,TestCity
4c5f871818e85e9f9fc8ff8f,ecf97e8078598d79a4c6d09c,Meal Pack 292,Cooked Food,25,servings,received,70d9233b9dae2352e6bad919,TestCity
9c81213db4974b0a827216b8,e22e0a52f815559e97e6ba8e,Meal Pack 293,Cooked Food,25,servings,received,7fbde7bb0179921d13a174f6,TestCity
0abf379938ea05e23f475f22,61ae4ae0754930497c3828f2,Meal Pack 294,Cooked Food,25,servings,received,b4a0207ad41d1473e100d8e6,TestCity
6d80184015e03861ac454fbf,c27d3f815a8748ea44bd72ed,Meal Pack 295,Cooked Food,25,servings,received,1ab7a70a6b2caaea5a68c1bf,TestCity
4a257acb82b9fceea77aa51b,0591ecd9e063689c52b58894,Meal Pack 296,Cooked Food,25,servings,received,0186e04ef1647e82a3caeb92,TestCity
4ddf834fffe17b26b36002af,0b26b67c8c7b2f7dfcee20a8,Meal Pack 297,Cooked Food,25,servings,received,60e2998fe405c182f13b274c,TestCity
055e08d87e182ebc4e04c3fa,239d42ff486dd908bb5e9aeb,Meal Pack 298,Cooked Food,25,servings,received,934a3bd53f85e268056de473,TestCity
d534583116310526c3170260,85d95068d8593bd475323e89,Meal Pack 299,Cooked Food,25,servings,received,180d1150674c3cdaf9f81590,TestCity
95269fb59f8e84cb6b3e68d4,706054e51272b40460b90c72,Meal Pack 300,Cooked Food,25,servings,received,6d4c049484b71dc548471b6e,TestCity
abb017558fb0e66a57ffeeb7,ee92ad682e3024c6af309fbd,Meal Pack 301,Cooked Food,25,servings,received,66c91e1a6f439ee6a049b468,TestCity
f2f72dbc66ea8d0b705607a1,c01bd006cdd42ea510db2d65,Meal Pack 302,Cooked Food,25,servings,received,9564ed54b84ddc4e81669776,TestCity
87635ecf25b39818496f7d96,b97deccb8b0966e748bc66b1,Meal Pack 303,Cooked Food,25,servings,received,393eb2accd1f4d029c0199e6,TestCity
35c3de7ace87d5edc5328971,c6f537dc8b006a57de33ac53,Meal Pack 304,Cooked Food,25,servings,received,d27157f74834dd2e1946072e,TestCity
fa1912ce797292e940e476f9,7337ebb3fd40a7e9cd47f6d3,Meal Pack 305,Cooked Food,25,servings,received,d48954c18a0f0467fbe75167,TestCity
04408eaa72da59098146de4b,ee66cf650c0cb77993f4bed7,Meal Pack 306,Cooked Food,25,servings,received,710f8ce7a033363feeaf6f13,TestCity
9146253aa587335ed81fcca4,25f067bbc5158f61720bc130,Meal Pack 307,Cooked Food,25,servings,received,6bb60a43817d407e3d435b06,TestCity
c425af4fce385ce8a86f1044,b4477d13d292da1366ed2e34,Meal Pack 308,Cooked Food,25,servings,received,90b1a3e4ca5bd8bc8f7ba802,TestCity
e96660264a3f3ea1dca71af2,3b96c8d5218c9e74ac65926e,Meal Pack 309,Cooked Food,25,servings,received,9e16f2836da040b734c2575a,TestCity
cf93c127f54b9b614406ed79,fabc2ac391090b13d574e05b,Meal Pack 310,Cooked Food,25,servings,received,0876fbd47c2b02f5f58ed8de,TestCity
