_id,ngo_id,organization_name,contact_person,phone,city,address,capacity,mealsServedDaily
cd4d772264e2feb6df9e04a8,cc3efec48c6e8683f9ce59ca,Food Help 1 Org,Contact 1,555-0300,TestCity,200 NGO Blvd,1000,200
374bf7f418d7543e6f9bea87,c6f6f29250110acb018d0592,Food Help 2 Org,Contact 2,555-0301,TestCity,201 NGO Blvd,1000,200
3f516a68e5207f6df850c3cb,4d14ff3e0d7b7c295bfc6b1f,Food Help 3 Org,Contact 3,555-0302,TestCity,202 NGO Blvd,1000,200
35291fda698c75e3aa93c73b,3a3b6a7555e4629b931dc347,Food Help 4 Org,Contact 4,555-0303,TestCity,203 NGO Blvd,1000,200
42c482087d1d01d699fe1ab1,22c1869844684ace475f7080,Food Help 5 Org,Contact 5,555-0304,TestCity,204 NGO Blvd,1000,200
4e9f116fa29166348a905515,0981ba32df4c5b0197ec32f4,Food Help 6 Org,Contact 6,555-0305,TestCity,205 NGO Blvd,1000,200
585808314ae18d5206a8ac7f,9fc3daf033775d601693fd94,Food Help 7 Org,Contact 7,555-0306,TestCity,206 NGO Blvd,1000,200
7b6d6ad53a84c8a61a726da5,cbdbf2674489db4801c0a2bd,Food Help 8 Org,Contact 8,555-0307,TestCity,207 NGO Blvd,1000,200
eeecd94ee7c7998a94a98337,65055fedd7cf5170949795ad,Food Help 9 Org,Contact 9,555-0308,TestCity,208 NGO Blvd,1000,200
5251e9fae4bcbe260e9932ea,647d81da18713dd3d4ddd797,Food Help 10 Org,Contact 10,555-0309,TestCity,209 NGO Blvd,1000,200
58899fdbfd9be176d2763d0e,ea1bf31d0fa48079b85c796d,Food Help 11 Org,Contact 11,555-03010,TestCity,210 NGO Blvd,1000,200
0ebe3f2dfad8a4268a52babd,dd9de253c9d2e7a947208d9d,Food Help 12 Org,Contact 12,555-03011,TestCity,211 NGO Blvd,1000,200
cd4a80a1b44b5d7f06415d92,62ebcc56ab0508a84dd32df1,Food Help 13 Org,Contact 13,555-03012,TestCity,212 NGO Blvd,1000,200
fa35d7b824b82e6a85fac3f4,66e987d84a2a52c7050b30bb,Food Help 14 Org,Contact 14,555-03013,TestCity,213 NGO Blvd,1000,200
29c76d0953ee0dc14f63539f,36f8764e080dd53f4a8c293f,Food Help 15 Org,Contact 15,555-03014,TestCity,214 NGO Blvd,1000,200
1792e4aa113459218ae81a64,a5df70fb419873084b7c4888,Food Help 16 Org,Contact 16,555-03015,TestCity,215 NGO Blvd,1000,200
81fcb377c6627f993bd3921a,3c1e2d4b29dcc97a6c2f3097,Food Help 17 Org,Contact 17,555-03016,TestCity,216 NGO Blvd,1000,200
9c8e007582bc6a9f2b494d0e,2ab44d7e62c488cde8ee842b,Food Help 18 Org,Contact 18,555-03017,TestCity,217 NGO Blvd,1000,200
ab55f2c783e504ef3c5093a1,f6fb88a2f122b7cf555815f1,Food Help 19 Org,Contact 19,555-03018,TestCity,218 NGO Blvd,1000,200
4b1796da9ed42e30de096c0c,4d15f29bdde9f5de8939af26,Food Help 20 Org,Contact 20,555-03019,TestCity,219 NGO Blvd,1000,200
e31cfc417560bc9ce0d3e338,b9a8e0832c78d0ae2cbd1d0d,Food Help 21 Org,Contact 21,555-03020,TestCity,220 NGO Blvd,1000,200
ff77cc652b96a29b4b41ea28,b1304e53d8a901023f1af33d,Food Help 22 Org,Contact 22,555-03021,TestCity,221 NGO Blvd,1000,200
86bd9812efb94f70632e80e6,ec6e0351a1c2e31d352e9d09,Food Help 23 Org,Contact 23,555-03022,TestCity,222 NGO Blvd,1000,200
a3f404e4390821893dba4d21,2669ac1ce55af734e80c181a,Food Help 24 Org,Contact 24,555-03023,TestCity,223 NGO Blvd,1000,200
f74d6c2a3516209a77d2fe17,ab438a79ff35259ab3222879,Food Help 25 Org,Contact 25,555-03024,TestCity,224 NGO Blvd,1000,200
651507dc029d6bcbd6ee1cb3,7c7dc5210fe77be8a9d1a4ca,Food Help 26 Org,Contact 26,555-03025,TestCity,225 NGO Blvd,1000,200
d0b4f17f99a0eb8faaa370ba,b3dba8e7273c9ab1fc9e17ff,Food Help 27 Org,Contact 27,555-03026,TestCity,226 NGO Blvd,1000,200
3e30beab7f6936016902a033,52d27a434d5bdea34b496c17,Food Help 28 Org,Contact 28,555-03027,TestCity,227 NGO Blvd,1000,200
37e7ffa6662980fc86fe0fcc,14616971998ece0ab8579eaa,Food Help 29 Org,Contact 29,555-03028,TestCity,228 NGO Blvd,1000,200
bf69df430708fd302ddc9a1f,d9f87e5c45c63350a1dac639,Food Help 30 Org,Contact 30,555-03029,TestCity,229 NGO Blvd,1000,200
4420bb06d0a5b832cf18a5da,b48ffb70ca0aab3493eb1d14,Food Help 31 Org,Contact 31,555-03030,TestCity,230 NGO Blvd,1000,200
ac0e71b43f6cebcdd59b4317,d49ceb0565b8740e28dcb45f,Food Help 32 Org,Contact 32,555-03031,TestCity,231 NGO Blvd,1000,200
c092c68b5823bcdaf9daa480,5d20778fababd7821a938ec3,Food Help 33 Org,Contact 33,555-03032,TestCity,232 NGO Blvd,1000,200
70cdceb052b992f71e76d88d,168c9619f05f4dee0e74cd8c,Food Help 34 Org,Contact 34,555-03033,TestCity,233 NGO Blvd,1000,200
78ad0ae80dec3540b0ad480b,04dedf36c30213595b47f1eb,Food Help 35 Org,Contact 35,555-03034,TestCity,234 NGO Blvd,1000,200
9e1dcf11f175d8a347063e22,8e5a53b049abac90b7497100,Food Help 36 Org,Contact 36,555-03035,TestCity,235 NGO Blvd,1000,200
d86dcfb38db8e3af907ec31a,18c9d72508757b1d6d66d5ea,Food Help 37 Org,Contact 37,555-03036,TestCity,236 NGO Blvd,1000,200
b0fb629bb103d9b9bd9a049c,769f081b4e6f288a69350e0f,Food Help 38 Org,Contact 38,555-03037,TestCity,237 NGO Blvd,1000,200
61b6f791866de71bc1a22e30,d99552d465dc2a56c19e4aee,Food Help 39 Org,Contact 39,555-03038,TestCity,238 NGO Blvd,1000,200
f7d3d2cb1da5adfe2cc7771f,620af78913ac414c620961e0,Food Help 40 Org,Contact 40,555-03039,TestCity,239 NGO Blvd,1000,200
a8c39cabcb96efa3cff8fc35,f1e5ea604cafb675de72e6cd,Food Help 41 Org,Contact 41,555-03040,TestCity,240 NGO Blvd,1000,200
a92610cbcee26d8df39951cc,f7a401d55b42e35b359807c5,Food Help 42 Org,Contact 42,555-03041,TestCity,241 NGO Blvd,1000,200
4e90992cc9c4766a88c9c925,7522b8eead4aa036047de9e8,Food Help 43 Org,Contact 43,555-03042,TestCity,242 NGO Blvd,1000,200
4f1d4eaee685b12859ed19ac,a8cf984c3c67f62487456aee,Food Help 44 Org,Contact 44,555-03043,TestCity,243 NGO Blvd,1000,200
297b84762537438b12dea79e,baa37617047533b0c92f91b8,Food Help 45 Org,Contact 45,555-03044,TestCity,244 NGO Blvd,1000,200
64937fb573442c1c3ff98d8e,4fe3870a8daf703d06c5e426,Food Help 46 Org,Contact 46,555-03045,TestCity,245 NGO Blvd,1000,200
675700dc6948f051e06f0458,91f25db3bec4e4f09d60fe8a,Food Help 47 Org,Contact 47,555-03046,TestCity,246 NGO Blvd,1000,200
20d45b0fe3213985c422ee50,1e699c48abea1dd59f48a175,Food Help 48 Org,Contact 48,555-03047,TestCity,247 NGO Blvd,1000,200
fbfab4dfe46dcaa805a54cb4,bb252a51bd63cd54024286e9,Food Help 49 Org,Contact 49,555-03048,TestCity,248 NGO Blvd,1000,200
96b8d38209c5c1a5d5d00c6f,5cdcbc947af9bd14297cba69,Food Help 50 Org,Contact 50,555-03049,TestCity,249 NGO Blvd,1000,200
e4a6ad62169b095774f0bf42,b329c952e838d308698c9e32,Food Help 51 Org,Contact 51,555-03050,TestCity,250 NGO Blvd,1000,200
36011622682895145f7307f4,c80dcb17b26e5c8b17dc1935,Food Help 52 Org,Contact 52,555-03051,TestCity,251 NGO Blvd,1000,200
383da610dba28c8469371eb2,6bd97b2818f36226c0f111e5,Food Help 53 Org,Contact 53,555-03052,TestCity,252 NGO Blvd,1000,200
9a52047efd3fa76a76966741,5bb97f613ea844e0bfff680f,Food Help 54 Org,Contact 54,555-03053,TestCity,253 NGO Blvd,1000,200
b1e0114cc96b51270630169d,ffcb078758f155759d48d302,Food Help 55 Org,Contact 55,555-03054,TestCity,254 NGO Blvd,1000,200
23168eccde69535f610a2684,b525f431e2528352fe96716e,Food Help 56 Org,Contact 56,555-03055,TestCity,255 NGO Blvd,1000,200
6d2f7aee8441fb50c0c51e5e,8ac45cba6365c203753f826f,Food Help 57 Org,Contact 57,555-03056,TestCity,256 NGO Blvd,1000,200
7e555d2c5028e6d7279ecb8b,7316e6cc18836a7ae5816f01,Food Help 58 Org,Contact 58,555-03057,TestCity,257 NGO Blvd,1000,200
294cbdc55f77ab389ca38c4c,ff592a00ffd6cc157b764999,Food Help 59 Org,Contact 59,555-03058,TestCity,258 NGO Blvd,1000,200
d828544040f99dc64de8b2fe,88547b1c2bf4cde35e69ee83,Food Help 60 Org,Contact 60,555-03059,TestCity,259 NGO Blvd,1000,200
9c6e2c077be38ff27ef82024,45ac7d4041c77abcc3bd8543,Food Help 61 Org,Contact 61,555-03060,TestCity,260 NGO Blvd,1000,200
2f91cf4a1c3c2f7c0db9019b,87a2a0e3f94c1f44bc3743ca,Food Help 62 Org,Contact 62,555-03061,TestCity,261 NGO Blvd,1000,200
b690e4b386577f1178511491,03c93c67557c793ff3ffeafc,Food Help 63 Org,Contact 63,555-03062,TestCity,262 NGO Blvd,1000,200
b7108bd3070fa207f42952e3,5448ebfbc55781c9abf9d131,Food Help 64 Org,Contact 64,555-03063,TestCity,263 NGO Blvd,1000,200
b8dfa999350a4d11bed14e9d,ef12fa0b33fcdc643c0ae0fb,Food Help 65 Org,Contact 65,555-03064,TestCity,264 NGO Blvd,1000,200
ddaf0040d8005e9dea7f48b1,831fc4adb4045a3cd2845392,Food Help 66 Org,Contact 66,555-03065,TestCity,265 NGO Blvd,1000,200
dab05cee28556a26732d2b57,97e2503ca9a01609010059ab,Food Help 67 Org,Contact 67,555-03066,TestCity,266 NGO Blvd,1000,200
1cfc02e71acf124675912bd3,1d6b277beec6281410e97d3a,Food Help 68 Org,Contact 68,555-03067,TestCity,267 NGO Blvd,1000,200
14343987e9fef085c2b8ecbc,9dad631c3e63d8559415d699,Food Help 69 Org,Contact 69,555-03068,TestCity,268 NGO Blvd,1000,200
b623d33302e647db9d24b397,9907aae480b8ccb7ea61ccc8,Food Help 70 Org,Contact 70,555-03069,TestCity,269 NGO Blvd,1000,200
4b4cc0313345c957d4768637,ebb51b60db2e873bfa9abd56,Food Help 71 Org,Contact 71,555-03070,TestCity,270 NGO Blvd,1000,200
38e2205e7e4ffd28bf23c79c,a1855e9a19cd9d3062726c10,Food Help 72 Org,Contact 72,555-03071,TestCity,271 NGO Blvd,1000,200
64a731eeeacfaf064b39d5ec,1d7139a91e68896fe1d7dba8,Food Help 73 Org,Contact 73,555-03072,TestCity,272 NGO Blvd,1000,200
552eb843dedef2f777292fe3,42cbf9e489e15870847dce63,Food Help 74 Org,Contact 74,555-03073,TestCity,273 NGO Blvd,1000,200
31df17fc0b97bbebe1c32294,07660b518b56fe25f40d5d61,Food Help 75 Org,Contact 75,555-03074,TestCity,274 NGO Blvd,1000,200
036d85a3a4526392ac709368,4d9ffd9bb3fdc1602d146680,Food Help 76 Org,Contact 76,555-03075,TestCity,275 NGO Blvd,1000,200
5631176f847bdbf07595b2b0,0b6ae9e07513a9d94f24d53f,Food Help 77 Org,Contact 77,555-03076,TestCity,276 NGO Blvd,1000,200
88db409163c0d083ead77900,c3ec4a9b045ecbe2c4c18503,Food Help 78 Org,Contact 78,555-03077,TestCity,277 NGO Blvd,1000,200
1cf597de493294492ee2ee07,e5d11504ffd4f8fc71664676,Food Help 79 Org,Contact 79,555-03078,TestCity,278 NGO Blvd,1000,200
9cafb61fcac4fb7e609c69d8,5b7dc22480cbb77580d60b16,Food Help 80 Org,Contact 80,555-03079,TestCity,279 NGO Blvd,1000,200
a13ae4fd1c22f35fb46165e2,13df51d10bf06a2e88eba533,Food Help 81 Org,Contact 81,555-03080,TestCity,280 NGO Blvd,1000,200
9d5c5ed57db504247dc1deb4,b5d517e5998a1e6513330d89,Food Help 82 Org,Contact 82,555-03081,TestCity,281 NGO Blvd,1000,200
84953ee8a93ab00f97016d60,0d463dc5368bd2a6086bf64c,Food Help 83 Org,Contact 83,555-03082,TestCity,282 NGO Blvd,1000,200
eddaab6d890ea296c215fc28,c9e386feddfb1026633708c2,Food Help 84 Org,Contact 84,555-03083,TestCity,283 NGO Blvd,1000,200
0941978213bfdbc4ad383416,634ed8b251beb287e9d560fa,Food Help 85 Org,Contact 85,555-03084,TestCity,284 NGO Blvd,1000,200
4757e49d192e2d5ba6d3af66,0b9019402a0377f31b77de2b,Food Help 86 Org,Contact 86,555-03085,TestCity,285 NGO Blvd,1000,200
2276f367bbaafc2dadf38d26,cd692c9d243f5bb953689a0d,Food Help 87 Org,Contact 87,555-03086,TestCity,286 NGO Blvd,1000,200
2d415c7b642324959bf2b88f,009d740e9fd005bbe25517ca,Food Help 88 Org,Contact 88,555-03087,TestCity,287 NGO Blvd,1000,200
c40c608675c28901c80fd1a2,02bde3b43e28d84921b363a8,Food Help 89 Org,Contact 89,555-03088,TestCity,288 NGO Blvd,1000,200
ff4cc24b306890cbc17df852,edad87282045c36703f1ff33,Food Help 90 Org,Contact 90,555-03089,TestCity,289 NGO Blvd,1000,200
42be1ba3fc30ae12b561099d,a76802569e384b178d48c009,Food Help 91 Org,Contact 91,555-03090,TestCity,290 NGO Blvd,1000,200
ea1090c874be4a2c6580ac36,ce59468dde1d21e657114610,Food Help 92 Org,Contact 92,555-03091,TestCity,291 NGO Blvd,1000,200
21f36f60fd8074e3660c52e2,54ba295cb785fff76a0f3c1d,Food Help 93 Org,Contact 93,555-03092,TestCity,292 NGO Blvd,1000,200
0a22a5eb6bde5f66b9575fa6,6a7be6cdd50a08df8a24e063,Food Help 94 Org,Contact 94,555-03093,TestCity,293 NGO Blvd,1000,200
590ae2e2dbd58f8ab245b9ee,8f16ce42f50d709f18cc496d,Food Help 95 Org,Contact 95,555-03094,TestCity,294 NGO Blvd,1000,200
af34a8129f5077ab0521a3c3,c46eda38d0a544041c0d34aa,Food Help 96 Org,Contact 96,555-03095,TestCity,295 NGO Blvd,1000,200
d2e623e1cd4cdc83921d9879,74df3d56381e494a2943f0a6,Food Help 97 Org,Contact 97,555-03096,TestCity,296 NGO Blvd,1000,200
94392a4f87db97b079fe7e7b,83ecf44181a911b64a083b64,Food Help 98 Org,Contact 98,555-03097,TestCity,297 NGO Blvd,1000,200
998a5825d9458fd6aad4b320,37899607802bd29f69ccab57,Food Help 99 Org,Contact 99,555-03098,TestCity,298 NGO Blvd,1000,200
554377b5ea7a840a98b90c35,580d5ec9ce3c68985b6b5895,Food Help 100 Org,Contact 100,555-03099,TestCity,299 NGO Blvd,1000,200
5612b6f42c22b251e4e23bfc,4d6fdd769ed08555af282f24,Food Help 101 Org,Contact 101,555-030100,TestCity,300 NGO Blvd,1000,200
3f71d7a65f1c167dc922c88a,6b5089709defb73e8cc5166f,Food Help 102 Org,Contact 102,555-030101,TestCity,301 NGO Blvd,1000,200
cf083df633d171a9db6924c7,0c39bafb330ad2ca64ab5df5,Food Help 103 Org,Contact 103,555-030102,TestCity,302 NGO Blvd,1000,200
dba47a03faab9454637cf53b,154d23d9dc3891345044710d,Food Help 104 Org,Contact 104,555-030103,TestCity,303 NGO Blvd,1000,200
6b11001f2dd964bc0e06e36a,8d396b1933b09de108c4762d,Food Help 105 Org,Contact 105,555-030104,TestCity,304 NGO Blvd,1000,200
f12b44a6350414335a126285,4b318c56970dfe64f69243b4,Food Help 106 Org,Contact 106,555-030105,TestCity,305 NGO Blvd,1000,200
3a8babf65219658455e99b81,bdf850ca226a782a6431155e,Food Help 107 Org,Contact 107,555-030106,TestCity,306 NGO Blvd,1000,200
bfcedc03121e1d0190b55401,ba8b7dbe20b37a7e84969608,Food Help 108 Org,Contact 108,555-030107,TestCity,307 NGO Blvd,1000,200
86855d24d9abd26ae80dbf3f,3b010eb9e2ccc1497432dacb,Food Help 109 Org,Contact 109,555-030108,TestCity,308 NGO Blvd,1000,200
5e394b33b0d0e64804d3a425,c689edc84b01f1aebe1eae4b,Food Help 110 Org,Contact 110,555-030109,TestCity,309 NGO Blvd,1000,200
486411f856ad715310472bf8,dbf087755269fa70fdca26ab,Food Help 111 Org,Contact 111,555-030110,TestCity,310 NGO Blvd,1000,200
fc0d1270444e71bfc18210e2,47ab16ce51d1f8ca0bb1df7b,Food Help 112 Org,Contact 112,555-030111,TestCity,311 NGO Blvd,1000,200
b5c3e0310a0be20bf9976b08,151aa1b8e7ff7b05ab84133c,Food Help 113 Org,Contact 113,555-030112,TestCity,312 NGO Blvd,1000,200
3aa542c7f3cee8f05140318a,5130fa3601e423ccfb0c3fbc,Food Help 114 Org,Contact 114,555-030113,TestCity,313 NGO Blvd,1000,200
6d4084854b41c8f5b935145a,88e6fb08bfdacedcf7730178,Food Help 115 Org,Contact 115,555-030114,TestCity,314 NGO Blvd,1000,200
a57c45e56cf845488960d065,ecffc8b7718ccaa37dbb2df7,Food Help 116 Org,Contact 116,555-030115,TestCity,315 NGO Blvd,1000,200
3019bc248925fccd9cb820be,4a61bdb74e21732325afc442,Food Help 117 Org,Contact 117,555-030116,TestCity,316 NGO Blvd,1000,200
1b1fe9ad51ebafa24de83b15,22d1f0ae2cb0ef5a90075dd4,Food Help 118 Org,Contact 118,555-030117,TestCity,317 NGO Blvd,1000,200
d5516b209ae3176a2b43c204,8fbf74817fb8b06dc7f18b31,Food Help 119 Org,Contact 119,555-030118,TestCity,318 NGO Blvd,1000,200
76c6c55e95efb26690551b7e,1128ba7714c4f919ba33ca9f,Food Help 120 Org,Contact 120,555-030119,TestCity,319 NGO Blvd,1000,200
f671c0675f7e8fda88bc5b6b,c821be7dbc76c621488b8bbe,Food Help 121 Org,Contact 121,555-030120,TestCity,320 NGO Blvd,1000,200
2daf08e4489e7d5f6c6ab2c9,26c3205cc523294a215b0ce7,Food Help 122 Org,Contact 122,555-030121,TestCity,321 NGO Blvd,1000,200
3493adc12def63840fed5357,d6bf5a4388f9821f6146bc5c,Food Help 123 Org,Contact 123,555-030122,TestCity,322 NGO Blvd,1000,200
7a1a7d326dfa1b3a234dbf2f,32688e93e714faa9dbe48145,Food Help 124 Org,Contact 124,555-030123,TestCity,323 NGO Blvd,1000,200
bbbdd61d612f447f357ae37e,c7396e5b7c4dc8b3031d7576,Food Help 125 Org,Contact 125,555-030124,TestCity,324 NGO Blvd,1000,200
019795790aec2e17edb5128d,61745e9e449369a8f0085344,Food Help 126 Org,Contact 126,555-030125,TestCity,325 NGO Blvd,1000,200
fe7a99f6176e914b96c371ec,7eabe1d0d316ea556c9cee55,Food Help 127 Org,Contact 127,555-030126,TestCity,326 NGO Blvd,1000,200
4c22cc0928e1e12535edbda2,bd3412aeaca092b93f25380d,Food Help 128 Org,Contact 128,555-030127,TestCity,327 NGO Blvd,1000,200
081f895324680c42abe5ac9a,875ae3d591c921db230993b1,Food Help 129 Org,Contact 129,555-030128,TestCity,328 NGO Blvd,1000,200
d7684d0d57b2d716bf9850d5,7295e55ed168ef9ceefb75c5,Food Help 130 Org,Contact 130,555-030129,TestCity,329 NGO Blvd,1000,200
d06fe1a183c77f4a65ec82b4,376a12cf95cfccfbfcbc2de7,Food Help 131 Org,Contact 131,555-030130,TestCity,330 NGO Blvd,1000,200
d5e446fe697fc3410d3e8175,857bed2ff6e589958b1aa3f7,Food Help 132 Org,Contact 132,555-030131,TestCity,331 NGO Blvd,1000,200
801f3bacb3ca7f5c8a6a5015,49e142a791d1addb24b35384,Food Help 133 Org,Contact 133,555-030132,TestCity,332 NGO Blvd,1000,200
2221d6781f459399f9eb694b,9473de7a0a174d441767f46c,Food Help 134 Org,Contact 134,555-030133,TestCity,333 NGO Blvd,1000,200
bc39180fa6cc93261a48a53e,e1031e8fdd71387aacd09eb7,Food Help 135 Org,Contact 135,555-030134,TestCity,334 NGO Blvd,1000,200
b63d45c49a09fa14214ef908,c15dc7bd91faea15e6c96488,Food Help 136 Org,Contact 136,555-030135,TestCity,335 NGO Blvd,1000,200
6381011805fa2b29f9d799d8,42e62ca674e9c66cad040389,Food Help 137 Org,Contact 137,555-030136,TestCity,336 NGO Blvd,1000,200
371aec76ef87625f23e6cf5b,1bcca197c95b7280da77bb7e,Food Help 138 Org,Contact 138,555-030137,TestCity,337 NGO Blvd,1000,200
d677f70efcee126333e3fd79,3547e7a4743a68f423401b8f,Food Help 139 Org,Contact 139,555-030138,TestCity,338 NGO Blvd,1000,200
7b44493b954d52eaed07474e,07157f7b7c1cdb744a85267b,Food Help 140 Org,Contact 140,555-030139,TestCity,339 NGO Blvd,1000,200
eefa896cc6c2f640c6a9ed89,9eebf34245c8b3540b0462d3,Food Help 141 Org,Contact 141,555-030140,TestCity,340 NGO Blvd,1000,200
c67717b743001aa619bbafcf,a61c21282133be0fc0d1daa5,Food Help 142 Org,Contact 142,555-030141,TestCity,341 NGO Blvd,1000,200
9388413c24859878bdedaf90,54ae069aa658c5e2fb1ec354,Food Help 143 Org,Contact 143,555-030142,TestCity,342 NGO Blvd,1000,200
76afc449b1b591bb61c62d30,bce6fe0a5705a0ef933c72b4,Food Help 144 Org,Contact 144,555-030143,TestCity,343 NGO Blvd,1000,200
4de3dafef90cc71a4bd51710,7282506f9bf43165e670c3de,Food Help 145 Org,Contact 145,555-030144,TestCity,344 NGO Blvd,1000,200
cb493a84adcce5cdd6391981,4c048af8054728c789c59a1d,Food Help 146 Org,Contact 146,555-030145,TestCity,345 NGO Blvd,1000,200
2668e728db3aa53b7d4ca1ea,c724228293c324f609aefc9b,Food Help 147 Org,Contact 147,555-030146,TestCity,346 NGO Blvd,1000,200
d9cd203db2e5e621396e157a,79374b5f30fa10a6ffc1e760,Food Help 148 Org,Contact 148,555-030147,TestCity,347 NGO Blvd,1000,200
61dcfe70e81a74d7c50b5bad,a6daa487a7dedfd4dee58a40,Food Help 149 Org,Contact 149,555-030148,TestCity,348 NGO Blvd,1000,200
b9b2f01c713783e4a8c0b8f2,19935b90ba55eb3feb1cab55,Food Help 150 Org,Contact 150,555-030149,TestCity,349 NGO Blvd,1000,200
d66f8aa655d727c4aa9a6168,ce52f76386a8aac8364d4757,Food Help 151 Org,Contact 151,555-030150,TestCity,350 NGO Blvd,1000,200
285adc018494afa7ab63b75b,02c5c01d7f07c9df486722f1,Food Help 152 Org,Contact 152,555-030151,TestCity,351 NGO Blvd,1000,200
c96f4a6b32bcbe4f55fdc88a,a0cb1e2cad7b5338cd47c9d8,Food Help 153 Org,Contact 153,555-030152,TestCity,352 NGO Blvd,1000,200
90350431ba5822b4b236cf15,5e28b27edfb040b8e650a366,Food Help 154 Org,Contact 154,555-030153,TestCity,353 NGO Blvd,1000,200
fcd79fb0e80e0bc1be5f9b48,bb542e9bdc4c8ae58262c96d,Food Help 155 Org,Contact 155,555-030154,TestCity,354 NGO Blvd,1000,200
33f38d31223d55a612440896,88638db2d3789c63e4b7616f,Food Help 156 Org,Contact 156,555-030155,TestCity,355 NGO Blvd,1000,200
885981c7604c3749bae62df4,ceda480522cb9ba503292f74,Food Help 157 Org,Contact 157,555-030156,TestCity,356 NGO Blvd,1000,200
54b6fe0ffe4570c254333f0e,fad3914e13bac84127249980,Food Help 158 Org,Contact 158,555-030157,TestCity,357 NGO Blvd,1000,200
c8eb3ec6a4c57e07ce1de815,33af5242941ecd4cf29ebad4,Food Help 159 Org,Contact 159,555-030158,TestCity,358 NGO Blvd,1000,200
d7c5708cc34f48cd086d7c54,a543237a36deeced13fd5259,Food Help 160 Org,Contact 160,555-030159,TestCity,359 NGO Blvd,1000,200
4e62087ec83df248d0dda3bb,c0db7da1deb576db3b2ff826,Food Help 161 Org,Contact 161,555-030160,TestCity,360 NGO Blvd,1000,200
117cf1122cf4cfb10221c8cb,39139e4284e5f24698294057,Food Help 162 Org,Contact 162,555-030161,TestCity,361 NGO Blvd,1000,200
bce410845c824167186372e5,8b304e5a9fd9c3b4f6402b2a,Food Help 163 Org,Contact 163,555-030162,TestCity,362 NGO Blvd,1000,200
3ac6c8725d147a11dca8f6b4,ea56195b212a142b42e19f09,Food Help 164 Org,Contact 164,555-030163,TestCity,363 NGO Blvd,1000,200
6d5b9551400dac5a3cfe01d2,5df22ec7d712e6b210b73547,Food Help 165 Org,Contact 165,555-030164,TestCity,364 NGO Blvd,1000,200
03f534a3c372f79ddc8a3266,16c1bf9963cb14611f8a5ead,Food Help 166 Org,Contact 166,555-030165,TestCity,365 NGO Blvd,1000,200
640f36bb8c5d2713d8c31ea8,ad98d841e8cf2089c86a0acd,Food Help 167 Org,Contact 167,555-030166,TestCity,366 NGO Blvd,1000,200
1de6d1168b6509dffdc18c76,dcad85e26d0261c89fbe25bb,Food Help 168 Org,Contact 168,555-030167,TestCity,367 NGO Blvd,1000,200
4364999c738d3bfe8bb1b7af,f2b216078d4812d9b0cd83f3,Food Help 169 Org,Contact 169,555-030168,TestCity,368 NGO Blvd,1000,200
07f5774922471b1ba17289c6,ead2b1b519b468585df3098b,Food Help 170 Org,Contact 170,555-030169,TestCity,369 NGO Blvd,1000,200
1eb2871981ba708e3402f225,e97bee2b27942b44b057e8e1,Food Help 171 Org,Contact 171,555-030170,TestCity,370 NGO Blvd,1000,200
3fb3219072243303264dc9bf,b6a28dbf9fe00e3f05dbdcad,Food Help 172 Org,Contact 172,555-030171,TestCity,371 NGO Blvd,1000,200
fb4b55921d3660de2b308254,07982c624c6375a20181aab0,Food Help 173 Org,Contact 173,555-030172,TestCity,372 NGO Blvd,1000,200
058e5c0b50e3ded933dee5d8,da0cb42e88da61127716c42a,Food Help 174 Org,Contact 174,555-030173,TestCity,373 NGO Blvd,1000,200
0a8d3f84e18a2e6054b0dc74,f5dffafa0e61535c28a7c8b2,Food Help 175 Org,Contact 175,555-030174,TestCity,374 NGO Blvd,1000,200
2500726fd4cafbec3a502794,e09c240d654db914d126e6dc,Food Help 176 Org,Contact 176,555-030175,TestCity,375 NGO Blvd,1000,200
500dfac5118a1ab5130db08f,1bc29a900848fc6aefe08a55,Food Help 177 Org,Contact 177,555-030176,TestCity,376 NGO Blvd,1000,200
6757b9c73f181c9bfdf64e8d,a2aaaec83d32e8d21458a733,Food Help 178 Org,Contact 178,555-030177,TestCity,377 NGO Blvd,1000,200
728a39ed1579ce73df3ee1d5,949774d3623d80c364f15509,Food Help 179 Org,Contact 179,555-030178,TestCity,378 NGO Blvd,1000,200
ed41662e08a1170e4b398ab2,6c140fcf52fb159ef4ad1f89,Food Help 180 Org,Contact 180,555-030179,TestCity,379 NGO Blvd,1000,200
552501b267648df26e0d3d54,196d08a1d2f92ea126f48dc5,Food Help 181 Org,Contact 181,555-030180,TestCity,380 NGO Blvd,1000,200
c579ca12e9772e0f1cada3ca,501fa896d5e49f468a93f93d,Food Help 182 Org,Contact 182,555-030181,TestCity,381 NGO Blvd,1000,200
730f1f4beb76c82edd20c9c1,a3f033d42cc5f20dade9a700,Food Help 183 Org,Contact 183,555-030182,TestCity,382 NGO Blvd,1000,200
769466c0240ec02e97606aa0,d7c1e4147be79606ed417fc6,Food Help 184 Org,Contact 184,555-030183,TestCity,383 NGO Blvd,1000,200
c5f30b61e3c8a098b5294f34,4ce419a50349cf55b043cf2b,Food Help 185 Org,Contact 185,555-030184,TestCity,384 NGO Blvd,1000,200
e986fa1390cb0148d331f493,394b5e2ceac70308c4911046,Food Help 186 Org,Contact 186,555-030185,TestCity,385 NGO Blvd,1000,200
69b1036292ee3c4addce64f4,883c76b33418f1b6e104d024,Food Help 187 Org,Contact 187,555-030186,TestCity,386 NGO Blvd,1000,200
2a51350f73c75dbf3d7b1b30,02fe350eb701616a53d6962e,Food Help 188 Org,Contact 188,555-030187,TestCity,387 NGO Blvd,1000,200
1ccfbe27eacd86b2257b8d1a,9e419a52ff2fe26608384974,Food Help 189 Org,Contact 189,555-030188,TestCity,388 NGO Blvd,1000,200
29989aa552644c2ad08bc458,d1a9b10475b7a70a7044fc67,Food Help 190 Org,Contact 190,555-030189,TestCity,389 NGO Blvd,1000,200
a22254d06daeb9b063691960,beefcce2fdba386c2f3e4977,Food Help 191 Org,Contact 191,555-030190,TestCity,390 NGO Blvd,1000,200
53365715229c2ea86c2eee6a,5c71fffac700883132df132b,Food Help 192 Org,Contact 192,555-030191,TestCity,391 NGO Blvd,1000,200
89ff39114f5fcb21b3f9debd,9e4199bfce624bbb2159602f,Food Help 193 Org,Contact 193,555-030192,TestCity,392 NGO Blvd,1000,200
78d9c58488f6cfa7ae973766,72f1a3af702f7a3f896edc6b,Food Help 194 Org,Contact 194,555-030193,TestCity,393 NGO Blvd,1000,200
c86ed232013dfc9f25ac1fab,f23f3225da62edd704830acb,Food Help 195 Org,Contact 195,555-030194,TestCity,394 NGO Blvd,1000,200
805acd1cd6361c6266918680,40f612b6dda6a6aacc100202,Food Help 196 Org,Contact 196,555-030195,TestCity,395 NGO Blvd,1000,200
df130138d8c49ace0c31823d,4f6fd3bf52f8853094611e7e,Food Help 197 Org,Contact 197,555-030196,TestCity,396 NGO Blvd,1000,200
6d09778c4640e1116941e21d,c3b2db100b11cf21cf4c9b7f,Food Help 198 Org,Contact 198,555-030197,TestCity,397 NGO Blvd,1000,200
1ffd0f0dc5d0e4ffc420a484,d53dcbf46c65ef39e524b322,Food Help 199 Org,Contact 199,555-030198,TestCity,398 NGO Blvd,1000,200
74d3b6845677435612ea9206,ca996dd0f1bd7185d1a0326b,Food Help 200 Org,Contact 200,555-030199,TestCity,399 NGO Blvd,1000,200
04f0afcf5a5c3c4f052ef1aa,f67de1d58154e093aa6a4d33,Food Help 201 Org,Contact 201,555-030200,TestCity,400 NGO Blvd,1000,200
22c55acf2ef19c3377dc6987,ba251fdd99755cf8bd913311,Food Help 202 Org,Contact 202,555-030201,TestCity,401 NGO Blvd,1000,200
fcd4e5326b4732251eab6261,b9ceca780fe66c733a4290d1,Food Help 203 Org,Contact 203,555-030202,TestCity,402 NGO Blvd,1000,200
2c6b6d44822dc63995fcff1c,519adfa89ea6d022afc1c4be,Food Help 204 Org,Contact 204,555-030203,TestCity,403 NGO Blvd,1000,200
6bf641f8ffe987493b3563f6,26ea33ba0a0f9e4505ab7703,Food Help 205 Org,Contact 205,555-030204,TestCity,404 NGO Blvd,1000,200
475567530af008a6ccc36806,0a1485b98169b27a55afeae8,Food Help 206 Org,Contact 206,555-030205,TestCity,405 NGO Blvd,1000,200
881ee66d01356ea2257c8bb6,7246f10cb4c20fcd294b0c6d,Food Help 207 Org,Contact 207,555-030206,TestCity,406 NGO Blvd,1000,200
eb81319013ba0898a9bd3cc0,50ed8d4ff3586a1d4b8a3a86,Food Help 208 Org,Contact 208,555-030207,TestCity,407 NGO Blvd,1000,200
e0dafa0a116f61f55cf8c0b4,18ea32f461d97e5f9d452d30,Food Help 209 Org,Contact 209,555-030208,TestCity,408 NGO Blvd,1000,200
e18108bd85b19151cdf45218,4229ec1bcbe4e12dbb0cc174,Food Help 210 Org,Contact 210,555-030209,TestCity,409 NGO Blvd,1000,200
bf4407767a34237c2c38f3b0,4364c0243c2de9b572a8d8f8,Food Help 211 Org,Contact 211,555-030210,TestCity,410 NGO Blvd,1000,200
bcbf405ef17dd49eb71baa77,e77296a712e64fd3ae216223,Food Help 212 Org,Contact 212,555-030211,TestCity,411 NGO Blvd,1000,200
a1fb7fe209ab1e9008491718,20643c894c4daf1aa5e88eee,Food Help 213 Org,Contact 213,555-030212,TestCity,412 NGO Blvd,1000,200
7b69a136d1c093ec6a0b440c,ea998f416b7f53a3f5265c86,Food Help 214 Org,Contact 214,555-030213,TestCity,413 NGO Blvd,1000,200
a57600d41e2552a695170913,e0581c7d9b83cf1c4ab7118c,Food Help 215 Org,Contact 215,555-030214,TestCity,414 NGO Blvd,1000,200
33c311313f46d190aaa1cb38,34b60a2857d28505647f6556,Food Help 216 Org,Contact 216,555-030215,TestCity,415 NGO Blvd,1000,200
f6891e6b6a97aabbebf04e14,4e2c78cd808aa3663637675e,Food Help 217 Org,Contact 217,555-030216,TestCity,416 NGO Blvd,1000,200
65b92462fe256c85e08fa653,e79d48c60573e5ac58148e95,Food Help 218 Org,Contact 218,555-030217,TestCity,417 NGO Blvd,1000,200
f82f9d1032f287e753a63bc8,deb325115d39feb1aee13c51,Food Help 219 Org,Contact 219,555-030218,TestCity,418 NGO Blvd,1000,200
5a6bc5eb740ed8fec901aa44,fe22c61d40995674dcacbd81,Food Help 220 Org,Contact 220,555-030219,TestCity,419 NGO Blvd,1000,200
54a2c52608f197d760406fb8,b626a33e3ae874a6a3ad56f2,Food Help 221 Org,Contact 221,555-030220,TestCity,420 NGO Blvd,1000,200
945e249b94dcfaf3bb6e7809,996d8f562f1b1e366e3f8f95,Food Help 222 Org,Contact 222,555-030221,TestCity,421 NGO Blvd,1000,200
d039c6a025834704febbe938,ac1d63e1f0e25cd55835f371,Food Help 223 Org,Contact 223,555-030222,TestCity,422 NGO Blvd,1000,200
6e07d355790a9cb5fe4ec836,bbaa7134c54aadb7a0b021fa,Food Help 224 Org,Contact 224,555-030223,TestCity,423 NGO Blvd,1000,200
d4e5f0d8b91ea5ab9d521f68,83d2c5b3a571cdd74a6d63b7,Food Help 225 Org,Contact 225,555-030224,TestCity,424 NGO Blvd,1000,200
143d0b5a7bbbc8f1102c7362,8c4167b7da8c2217e0bce299,Food Help 226 Org,Contact 226,555-030225,TestCity,425 NGO Blvd,1000,200
ddd75e55c7dc8202f68b768e,3c4abad77d72a40cfa29ac11,Food Help 227 Org,Contact 227,555-030226,TestCity,426 NGO Blvd,1000,200
6e9710239d7c418624c08d22,d5a087bd1096d6ec0c5e4572,Food Help 228 Org,Contact 228,555-030227,TestCity,427 NGO Blvd,1000,200
bdd882c7f591e863e1bb9238,84281fbd54e19dd7e35b29b3,Food Help 229 Org,Contact 229,555-030228,TestCity,428 NGO Blvd,1000,200
2cfe9be9db122aa42301e88e,2d05b27be5f8424770bfba7e,Food Help 230 Org,Contact 230,555-030229,TestCity,429 NGO Blvd,1000,200
ba5d44f5744182d651759626,dfe052cea96d13c06b45e860,Food Help 231 Org,Contact 231,555-030230,TestCity,430 NGO Blvd,1000,200
d8bb634fd612b01099926ba9,5597255de07ba64ac788fd17,Food Help 232 Org,Contact 232,555-030231,TestCity,431 NGO Blvd,1000,200
77183220dc769760898e44f3,e33dde71bfafe9e443eb233d,Food Help 233 Org,Contact 233,555-030232,TestCity,432 NGO Blvd,1000,200
b452564fe5f473fc4c37785c,9c665e295497c271339155fa,Food Help 234 Org,Contact 234,555-030233,TestCity,433 NGO Blvd,1000,200
b929eb9220d606886e478212,a2a89d23d54a27e5ef08363c,Food Help 235 Org,Contact 235,555-030234,TestCity,434 NGO Blvd,1000,200
b1e71e0d1b555ae4cb4ccd3d,46db606d33d0d0d5cfe5ef41,Food Help 236 Org,Contact 236,555-030235,TestCity,435 NGO Blvd,1000,200
e719a1128cb0e82b5667a7ce,e793c6c73289531cededfb09,Food Help 237 Org,Contact 237,555-030236,TestCity,436 NGO Blvd,1000,200
5f869ba488485dcb8bb0b197,d5a74bb28db525a1bd22bf43,Food Help 238 Org,Contact 238,555-030237,TestCity,437 NGO Blvd,1000,200
b4aa361844cf23e5599dd977,403c36401b347b7225f98d8d,Food Help 239 Org,Contact 239,555-030238,TestCity,438 NGO Blvd,1000,200
1069576e8b96c7c98176f7cb,8221b3911871a0e9bc37eb0d,Food Help 240 Org,Contact 240,555-030239,TestCity,439 NGO Blvd,1000,200
24509e6eb05e8f8695ce2e39,92794b322df31dd1374454f5,Food Help 241 Org,Contact 241,555-030240,TestCity,440 NGO Blvd,1000,200
ad026a310aed19a809556636,ef75eee6a1ae33aede346968,Food Help 242 Org,Contact 242,555-030241,TestCity,441 NGO Blvd,1000,200
990f6754e593ff5f636b258e,2dd1ed3cea2dffa324e82420,Food Help 243 Org,Contact 243,555-030242,TestCity,442 NGO Blvd,1000,200
18fe9aa922bfa880a0148504,b8dcc273b889f5a7062fa266,Food Help 244 Org,Contact 244,555-030243,TestCity,443 NGO Blvd,1000,200
2647b007df18895e67d756c3,0b5f8cc743d9eba586028863,Food Help 245 Org,Contact 245,555-030244,TestCity,444 NGO Blvd,1000,200
54250047a569a1aa5bc44b8f,3d212f7a5ddbee44360b86e2,Food Help 246 Org,Contact 246,555-030245,TestCity,445 NGO Blvd,1000,200
9508b50ef00d6566722e0709,118b5e9be24e39d0231e541b,Food Help 247 Org,Contact 247,555-030246,TestCity,446 NGO Blvd,1000,200
0f425da21ec5243eb93893a0,db28702e6f745d46685e4474,Food Help 248 Org,Contact 248,555-030247,TestCity,447 NGO Blvd,1000,200
37545716042fbd08eb5ff0b8,c25b8e97350fdf7e1c7647c8,Food Help 249 Org,Contact 249,555-030248,TestCity,448 NGO Blvd,1000,200
e941a7f0732b4374d9fd6127,2d83207371c780400f4258ce,Food Help 250 Org,Contact 250,555-030249,TestCity,449 NGO Blvd,1000,200
8274b40712dd4cf3dacb6680,a90c484d1eb19d50fd5fca3e,Food Help 251 Org,Contact 251,555-030250,TestCity,450 NGO Blvd,1000,200
fdd792278e429b243aebc3eb,3febdafbbca4ce4a1b4e7fa2,Food Help 252 Org,Contact 252,555-030251,TestCity,451 NGO Blvd,1000,200
d9ae95af554816ba5fc06e88,d1829419512e182e7dde2866,Food Help 253 Org,Contact 253,555-030252,TestCity,452 NGO Blvd,1000,200
7496abc4d74eeb054247277e,c54467507a2eede80276943e,Food Help 254 Org,Contact 254,555-030253,TestCity,453 NGO Blvd,1000,200
7144cbf1a2280a990038d11a,228ff752d58239d34040aa8a,Food Help 255 Org,Contact 255,555-030254,TestCity,454 NGO Blvd,1000,200
326a7dec25101411b068a87d,ddf47a0b347f843b42197c77,Food Help 256 Org,Contact 256,555-030255,TestCity,455 NGO Blvd,1000,200
8323eaa84ca33d5c1b7564fe,f3bb0490e8ec07d2d794af8f,Food Help 257 Org,Contact 257,555-030256,TestCity,456 NGO Blvd,1000,200
31f2f5153a8b2200f26ed7eb,9192d4867fbba054f00d877d,Food Help 258 Org,Contact 258,555-030257,TestCity,457 NGO Blvd,1000,200
f6cdebc53870fa7ec99f4b32,d671e6deaffabf0b382be072,Food Help 259 Org,Contact 259,555-030258,TestCity,458 NGO Blvd,1000,200
07d464475c6b1813970afea2,9a96056dbcadb4eab7398a81,Food Help 260 Org,Contact 260,555-030259,TestCity,459 NGO Blvd,1000,200
bb55c1cf28feddc96c7a5133,b773317cd3798233382b6562,Food Help 261 Org,Contact 261,555-030260,TestCity,460 NGO Blvd,1000,200
d2e29b5a712f966a71726fdd,ddcc12270ef06f4bdf991d32,Food Help 262 Org,Contact 262,555-030261,TestCity,461 NGO Blvd,1000,200
6450be8722bf5aac823aa07b,ec12f2a8d3fc6bfb569772f5,Food Help 263 Org,Contact 263,555-030262,TestCity,462 NGO Blvd,1000,200
ee8d65ec94c20a6675f3e91b,a49743889a216d712f6e2364,Food Help 264 Org,Contact 264,555-030263,TestCity,463 NGO Blvd,1000,200
551d369c2c8fdd17da54f5e7,747881de30696c204eef2e37,Food Help 265 Org,Contact 265,555-030264,TestCity,464 NGO Blvd,1000,200
3fc752484c5aae46ef6d3a80,e75d1abeece1f2370328882e,Food Help 266 Org,Contact 266,555-030265,TestCity,465 NGO Blvd,1000,200
7d791640160ad59f1cde0e27,cadf7d385a850937820ca771,Food Help 267 Org,Contact 267,555-030266,TestCity,466 NGO Blvd,1000,200
1f6cf021da11e009947f4276,425bebfbe578e860414931b1,Food Help 268 Org,Contact 268,555-030267,TestCity,467 NGO Blvd,1000,200
013c7aaf7bdc50c90f09cf0f,1e68065b56f7f33bf04ecd03,Food Help 269 Org,Contact 269,555-030268,TestCity,468 NGO Blvd,1000,200
4bce3bdf718a319962e93c78,c4a06c0b546926241b9bd255,Food Help 270 Org,Contact 270,555-030269,TestCity,469 NGO Blvd,1000,200
6b3d98c8958bf6798e31bc16,7623333a4d656766ba974d31,Food Help 271 Org,Contact 271,555-030270,TestCity,470 NGO Blvd,1000,200
4372adc59396c9c0fec91649,d24c50694e7593f09c2f622f,Food Help 272 Org,Contact 272,555-030271,TestCity,471 NGO Blvd,1000,200
a409c1afaaa655ae771ad3c1,60178cb638d7f96ec7a1594e,Food Help 273 Org,Contact 273,555-030272,TestCity,472 NGO Blvd,1000,200
49d2d25bd77ce1152d40460f,372de1d0ff30a9c36ad163c0,Food Help 274 Org,Contact 274,555-030273,TestCity,473 NGO Blvd,1000,200
ee7e2406c008f84b20005136,5a75dd3562cf0075f890fa24,Food Help 275 Org,Contact 275,555-030274,TestCity,474 NGO Blvd,1000,200
7f5834bcd28a32d1f3c327f5,a753f97958086684ec4fa9b0,Food Help 276 Org,Contact 276,555-030275,TestCity,475 NGO Blvd,1000,200
fde1fca4a3dce83eb15c5bee,f5cdae18803aaae747006d51,Food Help 277 Org,Contact 277,555-030276,TestCity,476 NGO Blvd,1000,200
a80c88b603ee85c32d582159,7842e15bc1e6140f8cc3994d,Food Help 278 Org,Contact 278,555-030277,TestCity,477 NGO Blvd,1000,200
06d8d33abd11225cbc99b972,d2b53b4f9afc8ec1575832d2,Food Help 279 Org,Contact 279,555-030278,TestCity,478 NGO Blvd,1000,200
ea6850578fff6d3a8f71a222,ab04d442ccc23dc9580c33d1,Food Help 280 Org,Contact 280,555-030279,TestCity,479 NGO Blvd,1000,200
1ae34b69f04a2ca978e8dfac,865f79eb06904b8a3c6a0d56,Food Help 281 Org,Contact 281,555-030280,TestCity,480 NGO Blvd,1000,200
d684cc848302d31910329b38,93d2257ca5582fc6f67c6412,Food Help 282 Org,Contact 282,555-030281,TestCity,481 NGO Blvd,1000,200
cf85e3e83006d1a5818c952e,9c0f1ea649e1703439480c20,Food Help 283 Org,Contact 283,555-030282,TestCity,482 NGO Blvd,1000,200
0c542a12990121b537a36b1c,6ff2c69535b87db7bde7b41c,Food Help 284 Org,Contact 284,555-030283,TestCity,483 NGO Blvd,1000,200
79c9279b9b5f2c47ef04ec7e,bfe4e87ed1979eaba8d9750f,Food Help 285 Org,Contact 285,555-030284,TestCity,484 NGO Blvd,1000,200
aab3c336e91b985faa5889d0,de09f1c63e4e227a4d3334a1,Food Help 286 Org,Contact 286,555-030285,TestCity,485 NGO Blvd,1000,200
44fa35e46e622eff0d8759cd,a34c58304cbe2d2a93e83630,Food Help 287 Org,Contact 287,555-030286,TestCity,486 NGO Blvd,1000,200
88e423c5b18938502e53e7cd,765c89a7c9a84f4c49cd65f2,Food Help 288 Org,Contact 288,555-030287,TestCity,487 NGO Blvd,1000,200
823a66f775ff95beb031d347,263a72a64b1286e7baf0b11d,Food Help 289 Org,Contact 289,555-030288,TestCity,488 NGO Blvd,1000,200
38341e8420edbfe3be758e44,fca8b953f369ba6b53c75382,Food Help 290 Org,Contact 290,555-030289,TestCity,489 NGO Blvd,1000,200
452b24f9f6005e3ff53eb37e,6e5b05a3a63f8d41a92f027a,Food Help 291 Org,Contact 291,555-030290,TestCity,490 NGO Blvd,1000,200
4c5f871818e85e9f9fc8ff8f,70d9233b9dae2352e6bad919,Food Help 292 Org,Contact 292,555-030291,TestCity,491 NGO Blvd,1000,200
9c81213db4974b0a827216b8,7fbde7bb0179921d13a174f6,Food Help 293 Org,Contact 293,555-030292,TestCity,492 NGO Blvd,1000,200
0abf379938ea05e23f475f22,b4a0207ad41d1473e100d8e6,Food Help 294 Org,Contact 294,555-030293,TestCity,493 NGO Blvd,1000,200
6d80184015e03861ac454fbf,1ab7a70a6b2caaea5a68c1bf,Food Help 295 Org,Contact 295,555-030294,TestCity,494 NGO Blvd,1000,200
4a257acb82b9fceea77aa51b,0186e04ef1647e82a3caeb92,Food Help 296 Org,Contact 296,555-030295,TestCity,495 NGO Blvd,1000,200
4ddf834fffe17b26b36002af,60e2998fe405c182f13b274c,Food Help 297 Org,Contact 297,555-030296,TestCity,496 NGO Blvd,1000,200
055e08d87e182ebc4e04c3fa,934a3bd53f85e268056de473,Food Help 298 Org,Contact 298,555-030297,TestCity,497 NGO Blvd,1000,200
d534583116310526c3170260,180d1150674c3cdaf9f81590,Food Help 299 Org,Contact 299,555-030298,TestCity,498 NGO Blvd,1000,200
95269fb59f8e84cb6b3e68d4,6d4c049484b71dc548471b6e,Food Help 300 Org,Contact 300,555-030299,TestCity,499 NGO Blvd,1000,200
abb017558fb0e66a57ffeeb7,66c91e1a6f439ee6a049b468,Food Help 301 Org,Contact 301,555-030300,TestCity,500 NGO Blvd,1000,200
f2f72dbc66ea8d0b705607a1,9564ed54b84ddc4e81669776,Food Help 302 Org,Contact 302,555-030301,TestCity,501 NGO Blvd,1000,200
87635ecf25b39818496f7d96,393eb2accd1f4d029c0199e6,Food Help 303 Org,Contact 303,555-030302,TestCity,502 NGO Blvd,1000,200
35c3de7ace87d5edc5328971,d27157f74834dd2e1946072e,Food Help 304 Org,Contact 304,555-030303,TestCity,503 NGO Blvd,1000,200
fa1912ce797292e940e476f9,d48954c18a0f0467fbe75167,Food Help 305 Org,Contact 305,555-030304,TestCity,504 NGO Blvd,1000,200
04408eaa72da59098146de4b,710f8ce7a033363feeaf6f13,Food Help 306 Org,Contact 306,555-030305,TestCity,505 NGO Blvd,1000,200
9146253aa587335ed81fcca4,6bb60a43817d407e3d435b06,Food Help 307 Org,Contact 307,555-030306,TestCity,506 NGO Blvd,1000,200
c425af4fce385ce8a86f1044,90b1a3e4ca5bd8bc8f7ba802,Food Help 308 Org,Contact 308,555-030307,TestCity,507 NGO Blvd,1000,200
e96660264a3f3ea1dca71af2,9e16f2836da040b734c2575a,Food Help 309 Org,Contact 309,555-030308,TestCity,508 NGO Blvd,1000,200
cf93c127f54b9b614406ed79,0876fbd47c2b02f5f58ed8de,Food Help 310 Org,Contact 310,555-030309,TestCity,509 NGO Blvd,1000,200
